t,cpu,err,log,y,p,trust,action,drift
0,43.53914013724428,0.0025081297195644926,INFO ok,0,0.1,1.0,no_op,0
1,38.372049475188874,0.0012596967654063887,INFO ok,0,0.1,1.0,no_op,0
2,39.261537204533035,0.014865512299175,INFO ok,0,0.1,1.0,no_op,0
3,43.74751211677678,0.02250677442252552,INFO ok,0,0.1,1.0,no_op,0
4,38.804172400279015,0.02163352662316609,INFO ok,0,0.1,1.0,no_op,0
5,42.14845722226494,0.014374987395497559,INFO ok,0,0.1,1.0,no_op,0
6,40.03758871320521,0.027174837231857478,INFO ok,0,0.1,1.0,no_op,0
7,39.14798558821024,0.022816543115072016,INFO ok,0,0.1,1.0,no_op,0
8,46.012784217779156,0.008001270636750778,INFO ok,0,0.1,1.0,no_op,0
9,50.145625694980275,0.016122679639698535,INFO ok,0,0.1,1.0,no_op,0
10,50.562807609691326,0.005079175272932982,INFO ok,0,0.1,1.0,no_op,0
11,42.370975231009545,0.02545098825363602,INFO ok,0,0.1,1.0,no_op,0
12,43.81773316941809,0.022426234603900322,INFO ok,0,0.1,1.0,no_op,0
13,49.65365448421662,0.01028122669152761,INFO ok,0,0.1,1.0,no_op,0
14,49.70129916323485,0.0294860154133212,INFO ok,0,0.1,1.0,no_op,0
15,44.42824515534802,0.02222756455899403,INFO ok,0,0.1,1.0,no_op,0
16,52.632413655768644,0.011195457872411056,INFO ok,0,0.1,1.0,no_op,0
17,53.68150690563114,0.029142835536362852,INFO ok,0,0.1,1.0,no_op,0
18,46.265118568678446,0.0,INFO ok,0,0.1,1.0,no_op,0
19,52.958854449900905,0.026388595463163023,INFO ok,0,0.1,1.0,no_op,0
20,46.215582034795354,0.031564175620149834,INFO ok,0,0.1,1.0,no_op,0
21,50.51396975107059,0.012058624599346453,INFO ok,0,0.1,1.0,no_op,0
22,49.647716636545894,0.019059308975604993,INFO ok,0,0.1,1.0,no_op,0
23,54.75521170233551,0.012809698389210183,INFO ok,0,0.1,1.0,no_op,0
24,51.93951678099242,0.0340524043662907,INFO ok,0,0.1,1.0,no_op,0
25,54.72110106793304,0.03301844702964124,INFO ok,0,0.1,1.0,no_op,0
26,52.46221612019546,0.02125579996969412,INFO ok,0,0.1,1.0,no_op,0
27,50.59076601157176,0.03536612988117005,INFO ok,0,0.1,1.0,no_op,0
28,52.664529134578494,0.018374926182325522,INFO ok,0,0.1,1.0,no_op,0
29,52.361583696530815,0.0031643630358207837,INFO ok,0,0.1,1.0,no_op,0
30,50.82246489412443,0.028097828817613545,INFO ok,0,0.1,1.0,no_op,0
31,53.63258671120737,0.01357636161015974,INFO ok,0,0.1,1.0,no_op,0
32,51.859846794300445,0.02996553247330868,INFO ok,0,0.1,1.0,no_op,0
33,55.41449212756355,0.0067136407032015,INFO ok,0,0.1,1.0,no_op,0
34,52.64251883853201,0.017486720576546648,INFO ok,0,0.1,1.0,no_op,0
35,52.83915165038215,0.007226538102376237,INFO ok,0,0.1,1.0,no_op,0
36,53.73680239931424,0.02286393107557472,INFO ok,0,0.1,1.0,no_op,0
37,50.13909781423099,0.005213695692078699,INFO ok,0,0.1,1.0,no_op,0
38,58.75211077425352,0.015637802984361272,INFO ok,0,0.1,1.0,no_op,0
39,53.076898033297645,0.04033495485408352,INFO ok,0,0.1,1.0,no_op,0
40,52.67425299887338,0.028766390285104932,INFO ok,0,0.1,1.0,no_op,0
41,58.05001370284539,0.010337580586116947,INFO ok,0,0.1,1.0,no_op,0
42,50.08314758726088,0.018561250866857476,INFO ok,0,0.1,1.0,no_op,0
43,49.85074823068132,0.030732124152524527,INFO ok,0,0.1,1.0,no_op,0
44,53.46090793144334,0.0419313782923074,INFO ok,0,0.1,1.0,no_op,0
45,51.091339958194,0.022106720322290045,INFO ok,0,0.1,1.0,no_op,0
46,57.250343536641466,0.009918918977464077,INFO ok,0,0.1,1.0,no_op,0
47,55.68508467521076,0.008218406831126773,INFO ok,0,0.1,1.0,no_op,0
48,56.838199324114534,0.01697249155093439,INFO ok,0,0.1,1.0,no_op,0
49,50.32859212551349,0.01808241160832841,INFO ok,0,0.1,1.0,no_op,0
50,56.402716448670645,0.006253079494189025,INFO ok,0,0.1,1.0,no_op,0
51,52.40210401928495,0.01366174032766956,INFO ok,0,0.1,1.0,no_op,0
52,54.26408671505462,0.040828665740809,INFO ok,0,0.1,1.0,no_op,0
53,55.96748647310992,0.011535713488094993,INFO ok,0,0.1,1.0,no_op,0
54,50.08546116204725,0.032215889556374555,INFO ok,0,0.1,1.0,no_op,0
55,54.652590298111605,0.018837830920919566,INFO ok,0,0.1,1.0,no_op,0
56,54.03846189477936,0.025434757684874115,INFO ok,0,0.1,1.0,no_op,0
57,52.580547599274965,0.026657981664499144,INFO ok,0,0.1,1.0,no_op,0
58,48.48099205765123,0.0114132462089315,INFO ok,0,0.1,1.0,no_op,0
59,54.674414709115965,0.02696388270148577,INFO ok,0,0.1,1.0,no_op,0
60,53.87543942616654,0.026038419443201864,INFO ok,0,0.1,1.0,no_op,0
61,53.30555982147801,0.016550926774113954,INFO ok,0,0.1,1.0,no_op,0
62,50.60236777461199,0.008993192184262165,INFO ok,0,0.1,1.0,no_op,0
63,46.53420032812991,0.005717734351764906,INFO ok,0,0.1,1.0,no_op,0
64,47.32466170261753,0.0243625797425361,INFO ok,0,0.1,1.0,no_op,0
65,49.01560269695388,0.017782613716858978,INFO ok,0,0.1,1.0,no_op,0
66,50.76517045266851,0.040870817550105,INFO ok,0,0.1,1.0,no_op,0
67,46.46046494801384,0.02773662470572405,INFO ok,0,0.1,1.0,no_op,0
68,50.635074008689124,0.03033837866420324,INFO ok,0,0.1,1.0,no_op,0
69,43.98988940901167,0.029850050942421276,INFO ok,0,0.1,1.0,no_op,0
70,48.53588324726857,0.01215240140778393,INFO ok,0,0.1,1.0,no_op,0
71,40.14101071068081,0.027824557219719735,INFO ok,0,0.1,1.0,no_op,0
72,39.11265980869577,0.023504671676573226,INFO ok,0,0.1,1.0,no_op,0
73,40.51536938284375,0.01611141933941298,INFO ok,0,0.1,1.0,no_op,0
74,44.41197522835276,0.019169267169950065,INFO ok,0,0.1,1.0,no_op,0
75,45.584273007403894,0.010551354499182717,INFO ok,0,0.1,1.0,no_op,0
76,42.32565932774273,0.015365601323814699,INFO ok,0,0.1,1.0,no_op,0
77,40.05486528179529,0.007651344162141653,INFO ok,0,0.1,1.0,no_op,0
78,39.51059037699249,0.01173021811182284,INFO ok,0,0.1,1.0,no_op,0
79,35.66307447201376,0.01592304078291602,INFO ok,0,0.1,1.0,no_op,0
80,42.35245681437445,0.015637709543178502,INFO ok,0,0.1,1.0,no_op,0
81,36.820822702850265,0.012081023306782797,INFO ok,0,0.1,1.0,no_op,0
82,38.41752469906231,0.0315112999362168,INFO ok,0,0.1,1.0,no_op,0
83,41.17402297020905,0.028168538221994003,INFO ok,0,0.1,1.0,no_op,0
84,31.93463040427629,0.011567320818406146,INFO ok,0,0.1,1.0,no_op,0
85,37.14835854252865,0.03988946065840998,INFO ok,0,0.1,1.0,no_op,0
86,37.71441726601175,0.022221580995629712,INFO ok,0,0.1,1.0,no_op,0
87,35.71049751456807,0.01922686193102909,INFO ok,0,0.1,1.0,no_op,0
88,31.41499238654946,0.0,INFO ok,0,0.1,1.0,no_op,0
89,38.493140088115084,0.01564013355980843,INFO ok,0,0.1,1.0,no_op,0
90,36.53693299962575,0.006409204469014431,INFO ok,0,0.1,1.0,no_op,0
91,29.37166329308188,0.019958374987941528,INFO ok,0,0.1,1.0,no_op,0
92,31.69707780177644,0.015023663678636973,INFO ok,0,0.1,1.0,no_op,0
93,33.0161018128571,0.016569632518130192,INFO ok,0,0.1,1.0,no_op,0
94,27.75821999530741,0.022830102152674878,INFO ok,0,0.1,1.0,no_op,0
95,31.473144776567477,0.025487546058867258,INFO ok,0,0.1,1.0,no_op,0
96,31.27475039959691,0.02265921939809415,INFO ok,0,0.1,1.0,no_op,0
97,30.763010900196388,0.03306846744004238,INFO ok,0,0.1,1.0,no_op,0
98,26.626080927731586,0.003241189574523514,INFO ok,0,0.1,1.0,no_op,0
99,28.692128632984083,0.013891501638890202,INFO ok,0,0.1,1.0,no_op,0
100,26.494918264665348,0.00824773924264319,INFO ok,0,0.1,1.0,no_op,0
101,25.077295485582837,0.012680913700437089,INFO ok,0,0.1,1.0,no_op,0
102,26.207007877194513,0.0180051514089947,INFO ok,0,0.1,1.0,no_op,0
103,24.33771990014494,0.023173665160765584,INFO ok,0,0.1,1.0,no_op,0
104,23.69795840264959,0.02052794962837329,INFO ok,0,0.1,1.0,no_op,0
105,26.787248167500977,0.011908840701912275,INFO ok,0,0.1,1.0,no_op,0
106,27.69088973107217,0.0,INFO ok,0,0.1,1.0,no_op,0
107,23.388865664343413,0.014156800585980893,INFO ok,0,0.1,1.0,no_op,0
108,23.32150316946076,0.029977583828360018,INFO ok,0,0.1,1.0,no_op,0
109,25.790327270677988,0.0,INFO ok,0,0.1,1.0,no_op,0
110,25.744394277914168,0.03270233204455773,INFO ok,0,0.1,1.0,no_op,0
111,21.261671733333035,0.031134164462392602,INFO ok,0,0.1,1.0,no_op,0
112,22.43801310783975,0.015151988929191059,INFO ok,0,0.1,1.0,no_op,0
113,29.35845264528645,0.026486392869473664,INFO ok,0,0.1,1.0,no_op,0
114,20.99741573992317,0.027693747659675638,INFO ok,0,0.1,1.0,no_op,0
115,28.54246105869833,0.02415160854218301,INFO ok,0,0.1,1.0,no_op,0
116,23.09246526241155,0.03264473018155349,INFO ok,0,0.1,1.0,no_op,0
117,28.970487066711236,0.008494962594708234,INFO ok,0,0.1,1.0,no_op,0
118,23.771513074221186,0.014587721950956934,INFO ok,0,0.1,1.0,no_op,0
119,29.847938356347264,0.012949061674490094,INFO ok,0,0.1,1.0,no_op,0
120,29.664022123901958,0.02066599095816805,INFO ok,0,0.1,1.0,no_op,0
121,25.515977061922577,0.020306423988266514,INFO ok,0,0.1,1.0,no_op,0
122,24.33470712503809,0.02865061739704923,INFO ok,0,0.1,1.0,no_op,0
123,27.512216985990545,0.014735315152673773,INFO ok,0,0.1,1.0,no_op,0
124,26.962303187849884,0.018906818932241637,INFO ok,0,0.1,1.0,no_op,0
125,26.925422592164562,0.023237186616829657,INFO ok,0,0.1,1.0,no_op,0
126,26.39197190424126,0.02429633450016127,INFO ok,0,0.1,1.0,no_op,0
127,28.63962106170488,0.006182547976248327,INFO ok,0,0.1,1.0,no_op,0
128,25.037934544253396,0.023470749503335202,INFO ok,0,0.1,1.0,no_op,0
129,24.584602569619403,0.02591575523155566,INFO ok,0,0.1,1.0,no_op,0
130,27.966607774513896,0.035894866927189434,INFO ok,0,0.1,1.0,no_op,0
131,31.443204230945376,0.020509247016121623,INFO ok,0,0.1,1.0,no_op,0
132,25.670769772663405,0.043255802882718644,INFO ok,0,0.1,1.0,no_op,0
133,24.46318333117396,0.019871485059280054,INFO ok,0,0.1,1.0,no_op,0
134,32.54775452310005,0.030558443682693524,INFO ok,0,0.1,1.0,no_op,0
135,23.585555285760897,0.01676755424157788,INFO ok,0,0.1,1.0,no_op,0
136,25.737652257133632,0.025892178682290923,INFO ok,0,0.1,1.0,no_op,0
137,32.57350277420848,0.017602204590040534,INFO ok,0,0.1,1.0,no_op,0
138,27.84545108447388,0.024970377694008807,INFO ok,0,0.1,1.0,no_op,0
139,34.34390114345664,0.02238092592662625,INFO ok,0,0.1,1.0,no_op,0
140,34.19564259882285,0.03299593319321155,INFO ok,0,0.1,1.0,no_op,0
141,26.92404670057701,0.014605409825046559,INFO ok,0,0.1,1.0,no_op,0
142,35.81607047895978,0.02531218982525403,INFO ok,0,0.1,1.0,no_op,0
143,36.669290277084436,0.012660332587705879,INFO ok,0,0.1,1.0,no_op,0
144,33.38352456179344,0.009798326819399497,INFO ok,0,0.1,1.0,no_op,0
145,37.169483441657924,0.03520134814723808,INFO ok,0,0.1,1.0,no_op,0
146,31.215840394822852,0.01860785267416761,INFO ok,0,0.1,1.0,no_op,0
147,32.77149677501663,0.023944407399181637,INFO ok,0,0.1,1.0,no_op,0
148,32.41974256321763,0.015767679010928792,INFO ok,0,0.1,1.0,no_op,0
149,39.97358244610167,0.013342298925039518,INFO ok,0,0.1,1.0,no_op,0
150,32.327060462852906,0.002732401928622591,INFO ok,0,0.1,1.0,no_op,0
151,35.27930831210347,0.0054771977105540735,INFO ok,0,0.1,1.0,no_op,0
152,35.125832531295785,0.010483285931639323,INFO ok,0,0.1,1.0,no_op,0
153,41.78133959240084,0.00817271359413704,INFO ok,0,0.1,1.0,no_op,0
154,40.36063343966011,0.018011992574309067,INFO ok,0,0.1,1.0,no_op,0
155,34.637468849525135,0.03113607160345292,INFO ok,0,0.1,1.0,no_op,0
156,43.002307287204054,0.014176870442145488,INFO ok,0,0.1,1.0,no_op,0
157,39.045953461462005,0.032423448699691416,INFO ok,0,0.1,1.0,no_op,0
158,43.24474356635629,0.0205539921457744,INFO ok,0,0.1,1.0,no_op,0
159,45.19246340724953,0.01760327374625158,INFO ok,0,0.1,1.0,no_op,0
160,41.07322235270183,0.009799916815291815,INFO ok,0,0.1,1.0,no_op,0
161,46.71060048300143,0.026155976783691706,INFO ok,0,0.1,1.0,no_op,0
162,38.225154314845526,0.007467515044617274,INFO ok,0,0.1,1.0,no_op,0
163,41.75057043378646,0.014368976295831615,INFO ok,0,0.1,1.0,no_op,0
164,42.5572736345076,0.03018459157597558,INFO ok,0,0.1,1.0,no_op,0
165,47.74560639858947,0.008076975369398885,INFO ok,0,0.1,1.0,no_op,0
166,45.916080198516056,0.04354398578555521,INFO ok,0,0.1,1.0,no_op,0
167,48.64565664936505,0.009693672722734364,INFO ok,0,0.1,1.0,no_op,0
168,48.59625015579765,0.01406388513978387,INFO ok,0,0.1,1.0,no_op,0
169,42.228698462260496,0.03293925644412679,INFO ok,0,0.1,1.0,no_op,0
170,46.93482908658923,0.012874015485541741,INFO ok,0,0.1,1.0,no_op,0
171,49.061247544106,0.02791816568632011,INFO ok,0,0.1,1.0,no_op,0
172,49.676034935906216,0.01624582720830742,INFO ok,0,0.1,1.0,no_op,0
173,53.528752399295456,0.040258485966957754,INFO ok,0,0.1,1.0,no_op,0
174,52.26770778680843,0.02508309711431345,INFO ok,0,0.1,1.0,no_op,0
175,50.42960520534884,0.027309653014820724,INFO ok,0,0.1,1.0,no_op,0
176,51.87047312455381,0.03078118413339834,INFO ok,0,0.1,1.0,no_op,0
177,46.81336994453685,0.0004528285866329494,INFO ok,0,0.1,1.0,no_op,0
178,49.52291585244311,0.034248463161926555,INFO ok,0,0.1,1.0,no_op,0
179,55.41086049002153,0.020899309504804564,INFO ok,0,0.1,1.0,no_op,0
180,56.63335554567513,0.006629836420972873,INFO ok,0,0.1,1.0,no_op,0
181,55.77754609559523,0.038418828068559965,INFO ok,0,0.1,1.0,no_op,0
182,51.8869226918859,0.045030597959445744,INFO ok,0,0.1,1.0,no_op,0
183,47.96098097702459,0.01624820981413361,INFO ok,0,0.1,1.0,no_op,0
184,52.205597161403716,0.011328157698546783,INFO ok,0,0.1,1.0,no_op,0
185,57.08518046733475,0.01610082834122694,INFO ok,0,0.1,1.0,no_op,0
186,50.71376592351937,0.023929501121453034,INFO ok,0,0.1,1.0,no_op,0
187,55.244840526241916,0.012624812903414603,INFO ok,0,0.1,1.0,no_op,0
188,50.89469693255749,0.02258170463965163,INFO ok,0,0.1,1.0,no_op,0
189,58.893693819284735,0.016054013402282304,INFO ok,0,0.1,1.0,no_op,0
190,53.42588118547934,0.028699158985047685,INFO ok,0,0.1,1.0,no_op,0
191,53.06581291111656,0.039316597972205415,INFO ok,0,0.1,1.0,no_op,0
192,49.92536782338901,0.024329400662068432,INFO ok,0,0.1,1.0,no_op,0
193,50.88709485601807,0.0,INFO ok,0,0.1,1.0,no_op,0
194,53.25458912516024,0.004634219108643669,INFO ok,0,0.1,1.0,no_op,0
195,52.1797969304926,0.02818429819301614,INFO ok,0,0.1,1.0,no_op,0
196,58.75529629865647,0.02460911593773369,INFO ok,0,0.1,1.0,no_op,0
197,54.62475631334918,0.03462156134118975,INFO ok,0,0.1,1.0,no_op,0
198,52.232548316949554,0.03229421028740565,INFO ok,0,0.1,1.0,no_op,0
199,51.51732071026883,0.041403967432461546,INFO ok,0,0.1,1.0,no_op,0
200,55.559877155046266,0.017331433171658563,INFO ok,0,0.1,1.0,no_op,0
201,58.743780414161904,0.004862172612198243,INFO ok,0,0.1,1.0,no_op,0
202,55.55921524700601,0.015742519459831017,INFO ok,0,0.1,1.0,no_op,0
203,53.03983743038764,0.03417044646765041,INFO ok,0,0.1,1.0,no_op,0
204,52.48291898159661,0.015621429398148694,INFO ok,0,0.1,1.0,no_op,0
205,57.039655364762105,0.009160641319200998,INFO ok,0,0.1,1.0,no_op,0
206,52.42640727239845,0.02409865294631766,INFO ok,0,0.1,1.0,no_op,0
207,53.83093562293679,0.0069291552423360065,INFO ok,0,0.1,1.0,no_op,0
208,58.22259858330511,0.00612093688455498,INFO ok,0,0.1,1.0,no_op,0
209,50.950128354003674,0.015003877395369836,INFO ok,0,0.1,1.0,no_op,0
210,57.55815759913048,0.027783103254220332,INFO ok,0,0.1,1.0,no_op,0
211,52.45003887157159,0.012480019351449686,INFO ok,0,0.1,1.0,no_op,0
212,53.00853532575456,0.01863134628163217,INFO ok,0,0.1,1.0,no_op,0
213,47.097618699180074,0.015874390328074316,INFO ok,0,0.1,1.0,no_op,0
214,54.06919263870985,0.035245861685537686,INFO ok,0,0.1,1.0,no_op,0
215,47.03608961177588,0.019842955932701214,INFO ok,0,0.1,1.0,no_op,0
216,50.94344307618557,0.009973349790626756,INFO ok,0,0.1,1.0,no_op,0
217,53.9025106702548,0.021149948860840373,INFO ok,0,0.1,1.0,no_op,0
218,52.97257319330781,0.00939243191415611,INFO ok,0,0.1,1.0,no_op,0
219,46.4232934085086,0.011411634671501759,INFO ok,0,0.1,1.0,no_op,0
220,51.17988570144646,0.03547018638303262,INFO ok,0,0.1,1.0,no_op,0
221,48.992930043852915,0.01731943137531669,INFO ok,0,0.1,1.0,no_op,0
222,44.22111604552449,0.014475135515035448,INFO ok,0,0.1,1.0,no_op,0
223,47.93690582187667,0.024911022048199123,INFO ok,0,0.1,1.0,no_op,0
224,48.31182957954844,0.028516320438965792,INFO ok,0,0.1,1.0,no_op,0
225,45.78799527450605,0.0,INFO ok,0,0.1,1.0,no_op,0
226,46.42698846000416,0.01672781320468411,INFO ok,0,0.1,1.0,no_op,0
227,47.28965958579322,0.02719076462942544,INFO ok,0,0.1,1.0,no_op,0
228,42.19694617967634,0.021243387544203195,INFO ok,0,0.1,1.0,no_op,0
229,46.95911802688612,0.026556473646851913,INFO ok,0,0.1,1.0,no_op,0
230,39.948945292350714,0.0,INFO ok,0,0.1,1.0,no_op,0
231,39.27568476066035,0.04048605881450798,INFO ok,0,0.1,1.0,no_op,0
232,43.59864598223018,0.030473095710066657,INFO ok,0,0.1,1.0,no_op,0
233,41.8023312573879,0.007651605812072677,INFO ok,0,0.1,1.0,no_op,0
234,38.5143187085111,0.029736792135953496,INFO ok,0,0.1,1.0,no_op,0
235,43.91999470192694,0.0340853747792737,INFO ok,0,0.1,1.0,no_op,0
236,43.08986862046582,0.02888339968341211,INFO ok,0,0.1,1.0,no_op,0
237,38.01701564640413,0.023161291104639742,INFO ok,0,0.1,1.0,no_op,0
238,36.51693823676907,0.0,INFO ok,0,0.1,1.0,no_op,0
239,34.23723442722812,0.01736695991411704,INFO ok,0,0.1,1.0,no_op,0
240,41.16852971582634,0.016602634525691225,INFO ok,0,0.1,1.0,no_op,0
241,33.464725343583595,0.006707057412604864,INFO ok,0,0.1,1.0,no_op,0
242,38.408216300779586,0.033647679017868304,INFO ok,0,0.1,1.0,no_op,0
243,37.004086261814365,0.018230146935222128,INFO ok,0,0.1,1.0,no_op,0
244,38.67949391443148,0.024844983920376824,INFO ok,0,0.1,1.0,no_op,0
245,38.99773667669008,0.026817181810739724,INFO ok,0,0.1,1.0,no_op,0
246,33.98939485013466,0.01922998035045046,INFO ok,0,0.1,1.0,no_op,0
247,32.82097950265481,0.013463556401541212,INFO ok,0,0.1,1.0,no_op,0
248,33.327126641076795,0.027182404462780835,INFO ok,0,0.1,1.0,no_op,0
249,32.562154486925,0.0018857465863492719,INFO ok,0,0.1,1.0,no_op,0
250,27.095260790143115,0.016955435055352172,INFO ok,0,0.1,1.0,no_op,0
251,28.326066494955658,0.02264704278408849,INFO ok,0,0.1,1.0,no_op,0
252,30.71144051330867,0.029261126383242776,INFO ok,0,0.1,1.0,no_op,0
253,30.110492587505455,0.02310760372936234,INFO ok,0,0.1,1.0,no_op,0
254,28.190157299923495,0.008993941784760921,INFO ok,0,0.1,1.0,no_op,0
255,31.40575424523559,0.00942927050818668,INFO ok,0,0.1,1.0,no_op,0
256,27.56643381940006,0.02853358360784987,INFO ok,0,0.1,1.0,no_op,0
257,32.410983307082795,0.01415598244811786,INFO ok,0,0.1,1.0,no_op,0
258,25.676688021429822,0.011502534132294824,INFO ok,0,0.1,1.0,no_op,0
259,24.657123464732575,0.01390715878273174,INFO ok,0,0.1,1.0,no_op,0
260,23.040968031254224,0.0027090871857872525,INFO ok,0,0.1,1.0,no_op,0
261,26.184847874661447,0.0070827476353972334,INFO ok,0,0.1,1.0,no_op,0
262,23.502489513911378,0.007522745226506023,INFO ok,0,0.1,1.0,no_op,0
263,22.86188454908294,0.01303855045789369,INFO ok,0,0.1,1.0,no_op,0
264,28.31981825266073,0.010258387958923188,INFO ok,0,0.1,1.0,no_op,0
265,26.662589000983363,0.017322509519715597,INFO ok,0,0.1,1.0,no_op,0
266,28.30117672577458,0.01837617050345248,INFO ok,0,0.1,1.0,no_op,0
267,26.039649785717415,0.02825915610394914,INFO ok,0,0.1,1.0,no_op,0
268,28.21137243787706,0.0,INFO ok,0,0.1,1.0,no_op,0
269,21.431715070067717,0.007995499595434828,INFO ok,0,0.1,1.0,no_op,0
270,28.558086188570712,0.015688626267840008,INFO ok,0,0.1,1.0,no_op,0
271,26.82516615140355,0.009932448155231317,INFO ok,0,0.1,1.0,no_op,0
272,29.560481244793664,0.028613768705942663,INFO ok,0,0.1,1.0,no_op,0
273,27.8560594864001,0.02186309210248702,INFO ok,0,0.1,1.0,no_op,0
274,22.502006036968524,0.02462266010808925,INFO ok,0,0.1,1.0,no_op,0
275,26.096745613951008,0.027068420821741917,INFO ok,0,0.1,1.0,no_op,0
276,24.870788374212875,0.007811181223960998,INFO ok,0,0.1,1.0,no_op,0
277,20.17760918063918,0.01210658073774363,INFO ok,0,0.1,1.0,no_op,0
278,29.092685076794176,0.005517168334574813,INFO ok,0,0.1,1.0,no_op,0
279,27.166237148792625,0.022948079995133812,INFO ok,0,0.1,1.0,no_op,0
280,28.308388970294345,0.02475218386131248,INFO ok,0,0.1,1.0,no_op,0
281,29.9480197414575,0.03619138861368653,INFO ok,0,0.1,1.0,no_op,0
282,26.794207339894914,0.01593503158109197,INFO ok,0,0.1,1.0,no_op,0
283,25.573798971264495,0.024401422842279585,INFO ok,0,0.1,1.0,no_op,0
284,21.61830079444077,0.012471664462749114,INFO ok,0,0.1,1.0,no_op,0
285,27.31352856151388,0.0008931276366297078,INFO ok,0,0.1,1.0,no_op,0
286,30.179098983032205,0.02876797785981904,INFO ok,0,0.1,1.0,no_op,0
287,22.563238905280958,0.015695883528629734,INFO ok,0,0.1,1.0,no_op,0
288,28.693915616441647,0.03610820478821798,INFO ok,0,0.1,1.0,no_op,0
289,31.783522479411246,0.023089089700796213,INFO ok,0,0.1,1.0,no_op,0
290,28.50631596135459,0.024223828729025114,INFO ok,0,0.1,1.0,no_op,0
291,26.518556175377807,0.019406736237757034,INFO ok,0,0.1,1.0,no_op,0
292,25.073767189884993,0.032797525017562085,INFO ok,0,0.1,1.0,no_op,0
293,26.864609025583217,0.036367668495478046,INFO ok,0,0.1,1.0,no_op,0
294,28.133091312366886,0.017510571089438823,INFO ok,0,0.1,1.0,no_op,0
295,25.270252863605602,0.02963024294879941,INFO ok,0,0.1,1.0,no_op,0
296,29.373251291878592,0.019055410813252155,INFO ok,0,0.1,1.0,no_op,0
297,30.924914766151915,0.027012831418029237,INFO ok,0,0.1,1.0,no_op,0
298,30.13901950081724,0.027459994415508455,INFO ok,0,0.1,1.0,no_op,0
299,33.53782372511308,0.037113279303482384,INFO ok,0,0.1,1.0,no_op,0
300,28.747689497619255,0.15682105477272656,ERROR timeout,1,0.1,1.3,no_op,0
301,33.10227670495959,0.17937852353298656,ERROR timeout,1,0.1,1.3,no_op,0
302,30.068426177856825,0.17844905845716294,ERROR timeout,1,0.1,1.3,no_op,0
303,29.586280631249792,0.17478206353982118,ERROR timeout,1,0.1,1.3,no_op,0
304,37.46382000749538,0.19640556430189676,ERROR timeout,1,0.1,1.3,no_op,0
305,35.466564811603135,0.17659044643363297,ERROR timeout,1,0.1,1.3,no_op,0
306,37.60062921295518,0.16703853653595493,ERROR timeout,1,0.1,1.3,no_op,0
307,36.828870812930056,0.18294635195421563,ERROR timeout,1,0.1,1.3,no_op,0
308,37.119212755889066,0.16720624116946534,ERROR timeout,1,0.1,1.3,no_op,0
309,38.69706165092527,0.1648552495118861,ERROR timeout,1,0.1,1.3,no_op,0
310,42.2395841311553,0.18319210524493246,ERROR timeout,1,0.1,1.3,no_op,0
311,37.44042766062337,0.1799537595096696,ERROR timeout,1,0.1,1.3,no_op,0
312,34.02204435766461,0.1697891770678266,ERROR timeout,1,0.1,1.3,no_op,0
313,41.5838234629883,0.16727857597232285,ERROR timeout,1,0.1,1.3,no_op,0
314,38.35535441944634,0.16690338944369615,ERROR timeout,1,0.1,1.3,no_op,0
315,38.44058421212634,0.18464152613543333,ERROR timeout,1,0.1,1.3,no_op,0
316,43.44731791357526,0.1816510967904815,ERROR timeout,1,0.1,1.3,no_op,0
317,46.41476164352521,0.19675325522489917,ERROR timeout,1,0.1,1.3,no_op,0
318,46.34031101016347,0.17030122486607346,ERROR timeout,1,0.1,1.3,no_op,0
319,44.1411949356258,0.1666288428335074,ERROR timeout,1,0.1,1.3,no_op,0
320,47.1760186378222,0.16500382345964715,ERROR timeout,1,0.1,1.3,no_op,0
321,47.07681375965288,0.17296317190356855,ERROR timeout,1,0.1,1.3,no_op,0
322,41.233524908135536,0.17775647291009355,ERROR timeout,1,0.1,1.3,no_op,0
323,49.002010019208015,0.1825842320702353,ERROR timeout,1,0.1,1.3,no_op,0
324,47.14599561629416,0.1502949814325658,ERROR timeout,1,0.1,1.3,no_op,0
325,47.776294525769444,0.16981089339932948,ERROR timeout,1,0.1,1.3,no_op,0
326,49.164787722644,0.16782719052599174,ERROR timeout,1,0.1,1.3,no_op,0
327,50.17934391761992,0.17421233166991804,ERROR timeout,1,0.1,1.3,no_op,0
328,47.74633465394126,0.15215467577165895,ERROR timeout,1,0.1,1.3,no_op,0
329,52.993407386661815,0.16792724454019095,ERROR timeout,1,0.1,1.3,no_op,0
330,43.91864447569711,0.15406662617743014,ERROR timeout,1,0.1,1.3,no_op,0
331,52.87528225274154,0.1716141491089304,ERROR timeout,1,0.1,1.3,no_op,0
332,54.71191210818621,0.15597075605089847,ERROR timeout,1,0.1,1.3,no_op,0
333,54.43284407870591,0.1663565654514032,ERROR timeout,1,0.1,1.3,no_op,0
334,47.24994464133043,0.16839040722150797,ERROR timeout,1,0.1,1.3,no_op,0
335,52.159081358669624,0.17776965819093835,ERROR timeout,1,0.1,1.3,no_op,0
336,53.484350331713955,0.18595012667782362,ERROR timeout,1,0.1,1.3,no_op,0
337,55.09359798155518,0.17357201475512374,ERROR timeout,1,0.1,1.3,no_op,0
338,47.761380785808136,0.16919303158902274,ERROR timeout,1,0.1,1.3,no_op,0
339,50.021749834678644,0.1577091926602491,ERROR timeout,1,0.1,1.3,no_op,0
340,57.526243280856136,0.17317353279204353,ERROR timeout,1,0.1,1.3,no_op,0
341,50.039753592864436,0.16765224079816043,ERROR timeout,1,0.1,1.3,no_op,0
342,51.31524170445726,0.1719082333451327,ERROR timeout,1,0.1,1.3,no_op,0
343,52.667091380213236,0.16530010210899168,ERROR timeout,1,0.1,1.3,no_op,0
344,57.14069766765435,0.16459531260695745,ERROR timeout,1,0.1,1.3,no_op,0
345,54.0958609972336,0.15837002854352344,ERROR timeout,1,0.1,1.3,no_op,0
346,55.655544386916006,0.15104705769218277,ERROR timeout,1,0.1,1.3,no_op,0
347,54.28378108900299,0.166173579768307,ERROR timeout,1,0.1,1.3,no_op,0
348,52.94030902874394,0.17152489940810417,ERROR timeout,1,0.1,1.3,no_op,0
349,59.50220935193706,0.17405124568015393,ERROR timeout,1,0.1,1.3,no_op,0
350,57.21246706315426,0.16996851286291642,ERROR timeout,1,0.1,1.3,no_op,0
351,56.126024058437054,0.17404720954284555,ERROR timeout,1,0.1,1.3,no_op,0
352,54.17519942357676,0.15916204585702834,ERROR timeout,1,0.1,1.3,no_op,0
353,55.08665250217302,0.16162200272059654,ERROR timeout,1,0.1,1.3,no_op,0
354,59.53295408566441,0.1688929773490011,ERROR timeout,1,0.1,1.3,no_op,0
355,58.99601856321885,0.16877919722314805,ERROR timeout,1,0.1,1.3,no_op,0
356,57.739419594739694,0.1407841096419979,ERROR timeout,1,0.1,1.3,no_op,0
357,57.087399430278495,0.16858725727031204,ERROR timeout,1,0.1,1.3,no_op,0
358,51.12292802900379,0.17165740617397768,ERROR timeout,1,0.1,1.3,no_op,0
359,55.096758021349984,0.1628083940799508,ERROR timeout,1,0.1,1.3,no_op,0
360,58.689918817971964,0.15693737593069607,ERROR timeout,1,0.1,1.3,no_op,0
361,56.357737869349606,0.15947730381809533,ERROR timeout,1,0.1,1.3,no_op,0
362,51.702693243210064,0.17907488439392427,ERROR timeout,1,0.1,1.3,no_op,0
363,49.06726854916117,0.17385950091621685,ERROR timeout,1,0.1,1.3,no_op,0
364,55.44918890749057,0.15836263511527193,ERROR timeout,1,0.1,1.3,no_op,0
365,51.102406022686736,0.19355898192740986,ERROR timeout,1,0.1,1.3,no_op,0
366,55.950558226823055,0.16243474945952413,ERROR timeout,1,0.1,1.3,no_op,0
367,51.755771996647105,0.19348804875542824,ERROR timeout,1,0.1,1.3,no_op,0
368,49.466759830188096,0.14864428248568798,ERROR timeout,1,0.1,1.3,no_op,0
369,53.49608376945754,0.16145905035026215,ERROR timeout,1,0.1,1.3,no_op,0
370,49.373387302039305,0.17506469813663397,ERROR timeout,1,0.1,1.3,no_op,0
371,50.60242280560612,0.169022269171671,ERROR timeout,1,0.1,1.3,no_op,0
372,46.732681841441504,0.15908482425883722,ERROR timeout,1,0.1,1.3,no_op,0
373,52.93702125111172,0.17828183482932528,ERROR timeout,1,0.1,1.3,no_op,0
374,52.5678435530339,0.17360880019176395,ERROR timeout,1,0.1,1.3,no_op,0
375,47.74237806099328,0.17233180938514003,ERROR timeout,1,0.1,1.3,no_op,0
376,48.70033015082675,0.16211849007726617,ERROR timeout,1,0.1,1.3,no_op,0
377,49.54444733990985,0.17124755128051664,ERROR timeout,1,0.1,1.3,no_op,0
378,46.540015469997364,0.18195924182821974,ERROR timeout,1,0.1,1.3,no_op,0
379,43.82426867318215,0.16881839710606114,ERROR timeout,1,0.1,1.3,no_op,0
380,47.664882744451475,0.17229440283906752,ERROR timeout,1,0.1,1.3,no_op,0
381,43.87209698439634,0.1690272114353572,ERROR timeout,1,0.1,1.3,no_op,0
382,41.27410682205645,0.15865302056797947,ERROR timeout,1,0.1,1.3,no_op,0
383,40.84938307484264,0.16680618957121832,ERROR timeout,1,0.1,1.3,no_op,0
384,44.892313667945224,0.1753835493098497,ERROR timeout,1,0.1,1.3,no_op,0
385,39.68845949222295,0.16752727006643106,ERROR timeout,1,0.1,1.3,no_op,0
386,43.6891798808552,0.16731639486260622,ERROR timeout,1,0.1,1.3,no_op,0
387,41.70733429274531,0.18845262795739612,ERROR timeout,1,0.1,1.3,no_op,0
388,40.16256468820151,0.18748515521664522,ERROR timeout,1,0.1,1.3,no_op,0
389,41.16732540572346,0.17585513507931735,ERROR timeout,1,0.1,1.3,no_op,0
390,44.93715677204719,0.15790310053436696,ERROR timeout,1,0.1,1.3,no_op,0
391,37.435056425586716,0.16694975774065862,ERROR timeout,1,0.1,1.3,no_op,0
392,42.62468057178589,0.16001652288871152,ERROR timeout,1,0.1,1.3,no_op,0
393,35.125967969927295,0.14519937910752528,ERROR timeout,1,0.1,1.3,no_op,0
394,43.927288670341014,0.17712890378498677,ERROR timeout,1,0.1,1.3,no_op,0
395,34.160111082710365,0.1955150964872051,ERROR timeout,1,0.1,1.3,no_op,0
396,38.18903258195963,0.17427951673158593,ERROR timeout,1,0.1,1.3,no_op,0
397,41.83849717412073,0.15482992223259123,ERROR timeout,1,0.1,1.3,no_op,0
398,40.60524019219632,0.1701356499552625,ERROR timeout,1,0.1,1.3,no_op,0
399,33.90905484044015,0.16405875804699832,ERROR timeout,1,0.1,1.3,no_op,0
400,38.66632129821816,0.1713222805267128,ERROR timeout,1,0.1,1.3,no_op,0
401,32.04171067332147,0.1779970043196799,ERROR timeout,1,0.1,1.3,no_op,0
402,36.96847228283954,0.18035661537494602,ERROR timeout,1,0.1,1.3,no_op,0
403,34.75488695114842,0.16209927878565517,ERROR timeout,1,0.1,1.3,no_op,0
404,33.24708863103749,0.17885696742659798,ERROR timeout,1,0.1,1.3,no_op,0
405,32.56409240702108,0.1726702050872772,ERROR timeout,1,0.1,1.3,no_op,0
406,30.77826133906315,0.16005508078009112,ERROR timeout,1,0.1,1.3,no_op,0
407,29.010552825825634,0.18490204466076499,ERROR timeout,1,0.1,1.3,no_op,0
408,26.911651654713832,0.14765055327928742,ERROR timeout,1,0.1,1.3,no_op,0
409,31.260420112086386,0.17348496573944894,ERROR timeout,1,0.1,1.3,no_op,0
410,27.111438800755288,0.17164376533079787,ERROR timeout,1,0.1,1.3,no_op,0
411,33.037647284155376,0.16535537967169367,ERROR timeout,1,0.1,1.3,no_op,0
412,25.184809312829845,0.15746406133977114,ERROR timeout,1,0.1,1.3,no_op,0
413,25.153262651145123,0.16372614131590804,ERROR timeout,1,0.1,1.3,no_op,0
414,31.284075673001517,0.17655198848282722,ERROR timeout,1,0.1,1.3,no_op,0
415,25.810902615975785,0.17767801145238046,ERROR timeout,1,0.1,1.3,no_op,0
416,28.53161498118881,0.17233764251293412,ERROR timeout,1,0.1,1.3,no_op,0
417,31.217593040237794,0.1971925556583714,ERROR timeout,1,0.1,1.3,no_op,0
418,28.203697609002564,0.16341802384828982,ERROR timeout,1,0.1,1.3,no_op,0
419,31.48791929353689,0.1751473574952442,ERROR timeout,1,0.1,1.3,no_op,0
420,31.45195416974355,0.16439085329349246,ERROR timeout,1,0.1,1.3,no_op,0
421,28.694955566772617,0.1609385574297511,ERROR timeout,1,0.1,1.3,no_op,0
422,21.6047953315355,0.16566657527783915,ERROR timeout,1,0.1,1.3,no_op,0
423,21.591517648900847,0.17192838375086403,ERROR timeout,1,0.1,1.3,no_op,0
424,25.698399425785247,0.18110047363593457,ERROR timeout,1,0.1,1.3,no_op,0
425,22.102616104911984,0.17524783452755321,ERROR timeout,1,0.1,1.3,no_op,0
426,22.473211702671414,0.162259143885077,ERROR timeout,1,0.1,1.3,no_op,0
427,22.442663390852616,0.15899319704909737,ERROR timeout,1,0.1,1.3,no_op,0
428,24.93273644338456,0.17458540678587228,ERROR timeout,1,0.1,1.3,no_op,0
429,23.408080808124467,0.1600931909990213,ERROR timeout,1,0.1,1.3,no_op,0
430,24.351955798287495,0.1836301839171035,ERROR timeout,1,0.1,1.3,no_op,0
431,25.211824131642363,0.1821553806455779,ERROR timeout,1,0.1,1.3,no_op,0
432,27.14839340821171,0.1675143543669321,ERROR timeout,1,0.1,1.3,no_op,0
433,28.3119982342141,0.1723685689004112,ERROR timeout,1,0.1,1.3,no_op,0
434,28.20070748622622,0.16809633955666792,ERROR timeout,1,0.1,1.3,no_op,0
435,23.107426887480024,0.1687904902806616,ERROR timeout,1,0.1,1.3,no_op,0
436,21.40404672978277,0.16183255250207798,ERROR timeout,1,0.1,1.3,no_op,0
437,26.095948075730952,0.16127151732034362,ERROR timeout,1,0.1,1.3,no_op,0
438,27.692039910523345,0.18233712228491475,ERROR timeout,1,0.1,1.3,no_op,0
439,28.84873841194662,0.1632911259440394,ERROR timeout,1,0.1,1.3,no_op,0
440,28.29694984521034,0.18040389906787974,ERROR timeout,1,0.1,1.3,no_op,0
441,26.275242434718187,0.18297428869253146,ERROR timeout,1,0.1,1.3,no_op,0
442,26.6685962351304,0.15833823265690894,ERROR timeout,1,0.1,1.3,no_op,0
443,26.430057066387647,0.15743648073618008,ERROR timeout,1,0.1,1.3,no_op,0
444,23.402034869823737,0.17049230401982288,ERROR timeout,1,0.1,1.3,no_op,0
445,27.165503544339213,0.165264846071748,ERROR timeout,1,0.1,1.3,no_op,0
446,29.67788667481605,0.17446931116112174,ERROR timeout,1,0.1,1.3,no_op,0
447,27.921650872412403,0.17966134905089942,ERROR timeout,1,0.1,1.3,no_op,0
448,30.269654965898027,0.17653025811761155,ERROR timeout,1,0.1,1.3,no_op,0
449,29.64262614944714,0.15774684994449806,ERROR timeout,1,0.1,1.3,no_op,0
450,23.95712817177649,0.1613005996003329,ERROR timeout,1,0.1,1.3,no_op,0
451,30.46195168130677,0.16531326245062614,ERROR timeout,1,0.1,1.3,no_op,0
452,25.696862019269542,0.16695122708524263,ERROR timeout,1,0.1,1.3,no_op,0
453,33.00391615514534,0.1699630247569057,ERROR timeout,1,0.1,1.3,no_op,0
454,28.740288712542355,0.14646264919436922,ERROR timeout,1,0.1,1.3,no_op,0
455,29.282721529500705,0.17968188762797868,ERROR timeout,1,0.1,1.3,no_op,0
456,31.502054846131372,0.1785159429323255,ERROR timeout,1,0.1,1.3,no_op,0
457,33.6990073796166,0.18054851993611176,ERROR timeout,1,0.1,1.3,no_op,0
458,28.994430198787203,0.18554974226928925,ERROR timeout,1,0.1,1.3,no_op,0
459,28.214753843940958,0.17462374469364772,ERROR timeout,1,0.1,1.3,no_op,0
460,35.92750711125307,0.1508245915308205,ERROR timeout,1,0.1,1.3,no_op,0
461,37.88844597762255,0.17654683041142977,ERROR timeout,1,0.1,1.3,no_op,0
462,31.09610206128367,0.17342303230584594,ERROR timeout,1,0.1,1.3,no_op,0
463,36.661416145383015,0.1625148391022647,ERROR timeout,1,0.1,1.3,no_op,0
464,35.471354054577816,0.16998811065376673,ERROR timeout,1,0.1,1.3,no_op,0
465,36.037552925028315,0.17585415117778416,ERROR timeout,1,0.1,1.3,no_op,0
466,40.91882238844034,0.16096307310931673,ERROR timeout,1,0.1,1.3,no_op,0
467,37.63278821477904,0.16133202450010634,ERROR timeout,1,0.1,1.3,no_op,0
468,41.249876034999275,0.16168303724005934,ERROR timeout,1,0.1,1.3,no_op,0
469,38.15531494017607,0.1540476578177859,ERROR timeout,1,0.1,1.3,no_op,0
470,43.738808959057735,0.18088538077874472,ERROR timeout,1,0.1,1.3,no_op,0
471,35.38551861418654,0.17842796102667002,ERROR timeout,1,0.1,1.3,no_op,0
472,39.391687449563676,0.15597593233150772,ERROR timeout,1,0.1,1.3,no_op,0
473,44.172338733978606,0.1629026705328299,ERROR timeout,1,0.1,1.3,no_op,0
474,45.5245241063173,0.17119512465757297,ERROR timeout,1,0.1,1.3,no_op,0
475,39.00498759453463,0.17784817691698462,ERROR timeout,1,0.1,1.3,no_op,0
476,46.95551787486169,0.17671523265352232,ERROR timeout,1,0.1,1.3,no_op,0
477,38.82058967728111,0.16885253920024298,ERROR timeout,1,0.1,1.3,no_op,0
478,39.846073021084436,0.1583459737022689,ERROR timeout,1,0.1,1.3,no_op,0
479,45.20537503276866,0.16273011961613584,ERROR timeout,1,0.1,1.3,no_op,0
480,44.27413367541702,0.155681991857562,ERROR timeout,1,0.1,1.3,no_op,0
481,42.62224199144033,0.15816532348000142,ERROR timeout,1,0.1,1.3,no_op,0
482,48.20243464663135,0.17357956862778176,ERROR timeout,1,0.1,1.3,no_op,0
483,45.283812292307395,0.16647813449835672,ERROR timeout,1,0.1,1.3,no_op,0
484,50.625817209484616,0.1748348060007993,ERROR timeout,1,0.1,1.3,no_op,0
485,49.50676504862002,0.18021817068283508,ERROR timeout,1,0.1,1.3,no_op,0
486,49.42838055880383,0.16330197507723399,ERROR timeout,1,0.1,1.3,no_op,0
487,50.07361143176215,0.16860740981384487,ERROR timeout,1,0.1,1.3,no_op,0
488,46.6966741082199,0.17711107421497568,ERROR timeout,1,0.1,1.3,no_op,0
489,45.724024964730326,0.16256330136989866,ERROR timeout,1,0.1,1.3,no_op,0
490,54.753027842251356,0.1615441665307625,ERROR timeout,1,0.1,1.3,no_op,0
491,49.3835036454789,0.16568786207763253,ERROR timeout,1,0.1,1.3,no_op,0
492,55.964520113127776,0.1777139033505288,ERROR timeout,1,0.1,1.3,no_op,0
493,48.239655282480165,0.16078938367055293,ERROR timeout,1,0.1,1.3,no_op,0
494,52.037649168196346,0.1704067721485647,ERROR timeout,1,0.1,1.3,no_op,0
495,56.6864270392997,0.17472089854763342,ERROR timeout,1,0.1,1.3,no_op,0
496,52.1574013792059,0.17332662074005573,ERROR timeout,1,0.1,1.3,no_op,0
497,49.85636962803468,0.19129528924244196,ERROR timeout,1,0.1,1.3,no_op,0
498,50.72239915549829,0.1681936801079808,ERROR timeout,1,0.1,1.3,no_op,0
499,51.5580927821083,0.19434888679430778,ERROR timeout,1,0.1,1.3,no_op,0
500,53.3501431050707,0.17808247421595322,ERROR timeout,1,0.1,1.3,no_op,0
501,52.76769848121427,0.16667504301781022,ERROR timeout,1,0.1,1.3,no_op,0
502,54.85373477292296,0.1712350510353333,ERROR timeout,1,0.1,1.3,no_op,0
503,58.448307652469936,0.17049614338316127,ERROR timeout,1,0.1,1.3,no_op,0
504,56.560023277162614,0.1709765285590726,ERROR timeout,1,0.1,1.3,no_op,0
505,53.07258312300733,0.14621899083997708,ERROR timeout,1,0.1,1.3,no_op,0
506,56.51273612660883,0.1703399143016997,ERROR timeout,1,0.1,1.3,no_op,0
507,54.160669368913105,0.1796931893712522,ERROR timeout,1,0.1,1.3,no_op,0
508,52.950133987502554,0.16466332458361052,ERROR timeout,1,0.1,1.3,no_op,0
509,50.12340574847543,0.16330426095624412,ERROR timeout,1,0.1,1.3,no_op,0
510,50.373265753235344,0.17843506809097123,ERROR timeout,1,0.1,1.3,no_op,0
511,53.67920887249449,0.15351787092645086,ERROR timeout,1,0.1,1.3,no_op,0
512,54.5687514972716,0.16953309697110636,ERROR timeout,1,0.1,1.3,no_op,0
513,56.383056495466086,0.16947921441489114,ERROR timeout,1,0.1,1.3,no_op,0
514,59.52506632648475,0.15151550766851027,ERROR timeout,1,0.1,1.3,no_op,0
515,56.9037604240645,0.16271346455740107,ERROR timeout,1,0.1,1.3,no_op,0
516,55.630284330954105,0.16730305954089741,ERROR timeout,1,0.1,1.3,no_op,0
517,57.93494247723966,0.1831253051664976,ERROR timeout,1,0.1,1.3,no_op,0
518,54.18508151488939,0.1783366282781429,ERROR timeout,1,0.1,1.3,no_op,0
519,54.03230495914314,0.17532025450549443,ERROR timeout,1,0.1,1.3,no_op,0
520,58.62797255861488,0.1650034104770241,ERROR timeout,1,0.1,1.3,no_op,0
521,52.43624277014781,0.15672106053311538,ERROR timeout,1,0.1,1.3,no_op,0
522,53.363034906127496,0.1713984416386596,ERROR timeout,1,0.1,1.3,no_op,0
523,48.41955290768649,0.18673937734446583,ERROR timeout,1,0.1,1.3,no_op,0
524,48.65860299861575,0.16834229083971922,ERROR timeout,1,0.1,1.3,no_op,0
525,55.93767291232285,0.17626902497645922,ERROR timeout,1,0.1,1.3,no_op,0
526,52.96505276174025,0.16789742628966803,ERROR timeout,1,0.1,1.3,no_op,0
527,55.92537076689565,0.1639666761114916,ERROR timeout,1,0.1,1.3,no_op,0
528,54.76969305442554,0.15925800412928529,ERROR timeout,1,0.1,1.3,no_op,0
529,53.26153103244545,0.16326009471814731,ERROR timeout,1,0.1,1.3,no_op,0
530,48.08652197827622,0.1821154867721289,ERROR timeout,1,0.1,1.3,no_op,0
531,47.37222304129377,0.17374664873438375,ERROR timeout,1,0.1,1.3,no_op,0
532,54.644919965064155,0.1533606893981857,ERROR timeout,1,0.1,1.3,no_op,0
533,49.60669538301829,0.17486875308331254,ERROR timeout,1,0.1,1.3,no_op,0
534,49.28501899797922,0.17220630257995262,ERROR timeout,1,0.1,1.3,no_op,0
535,45.85419323918879,0.15779064498873005,ERROR timeout,1,0.1,1.3,no_op,0
536,45.93764386705617,0.17344284245470837,ERROR timeout,1,0.1,1.3,no_op,0
537,47.725042282095,0.18121923105831292,ERROR timeout,1,0.1,1.3,no_op,0
538,51.56630006538879,0.15462978055016952,ERROR timeout,1,0.1,1.3,no_op,0
539,42.88027794907083,0.17858998949506102,ERROR timeout,1,0.1,1.3,no_op,0
540,49.170953661200755,0.1799603286159772,ERROR timeout,1,0.1,1.3,no_op,0
541,44.20062744081685,0.18574878452164093,ERROR timeout,1,0.1,1.3,no_op,0
542,41.94289897168388,0.17784619571981547,ERROR timeout,1,0.1,1.3,no_op,0
543,40.782360823045394,0.17284154280650912,ERROR timeout,1,0.1,1.3,no_op,0
544,48.20580759280984,0.1607963383021428,ERROR timeout,1,0.1,1.3,no_op,0
545,39.65015087856099,0.14849887577635534,ERROR timeout,1,0.1,1.3,no_op,0
546,40.881915057092264,0.1642011790050681,ERROR timeout,1,0.1,1.3,no_op,0
547,43.395925587649664,0.18342900868347242,ERROR timeout,1,0.1,1.3,no_op,0
548,43.11570243239868,0.17654497800886954,ERROR timeout,1,0.1,1.3,no_op,0
549,38.50663785891835,0.16750577157954907,ERROR timeout,1,0.1,1.3,no_op,0
550,38.35952322325417,0.16951610168864212,ERROR timeout,1,0.1,1.3,no_op,0
551,41.80588811442663,0.17858413604827644,ERROR timeout,1,0.1,1.3,no_op,0
552,36.03542263622381,0.1661940795650513,ERROR timeout,1,0.1,1.3,no_op,0
553,41.737770168069815,0.17458149021786712,ERROR timeout,1,0.1,1.3,no_op,0
554,33.91716918900191,0.16899560905540886,ERROR timeout,1,0.1,1.3,no_op,0
555,39.32874277902417,0.15435235744887058,ERROR timeout,1,0.1,1.3,no_op,0
556,34.78233083057306,0.1634420690927992,ERROR timeout,1,0.1,1.3,no_op,0
557,38.060855600564835,0.17057872717495337,ERROR timeout,1,0.1,1.3,no_op,0
558,30.774271464189308,0.17181961172992483,ERROR timeout,1,0.1,1.3,no_op,0
559,30.138626352636408,0.17643274621979033,ERROR timeout,1,0.1,1.3,no_op,0
560,38.15482461004453,0.16946146006270468,ERROR timeout,1,0.1,1.3,no_op,0
561,38.38263088442281,0.1681389158727245,ERROR timeout,1,0.1,1.3,no_op,0
562,36.12411552441661,0.1773731021358369,ERROR timeout,1,0.1,1.3,no_op,0
563,29.62757574930074,0.1552666139926052,ERROR timeout,1,0.1,1.3,no_op,0
564,33.26970402043091,0.16679144316849304,ERROR timeout,1,0.1,1.3,no_op,0
565,33.344148961403604,0.1809012727773649,ERROR timeout,1,0.1,1.3,no_op,0
566,32.07873136026121,0.1692975981121085,ERROR timeout,1,0.1,1.3,no_op,0
567,31.939961145663066,0.1691749747188569,ERROR timeout,1,0.1,1.3,no_op,0
568,29.53848837052847,0.16116436738532625,ERROR timeout,1,0.1,1.3,no_op,0
569,31.503082810406955,0.16931695810046393,ERROR timeout,1,0.1,1.3,no_op,0
570,27.666019656570693,0.16110963591383934,ERROR timeout,1,0.1,1.3,no_op,0
571,33.20316253178443,0.15008762734131367,ERROR timeout,1,0.1,1.3,no_op,0
572,31.037363025117166,0.18589552657943526,ERROR timeout,1,0.1,1.3,no_op,0
573,26.808918640232566,0.1627200021127915,ERROR timeout,1,0.1,1.3,no_op,0
574,32.32524049806578,0.1722514129123395,ERROR timeout,1,0.1,1.3,no_op,0
575,32.03052940366458,0.16485640122950881,ERROR timeout,1,0.1,1.3,no_op,0
576,24.624232538832814,0.18466160940230059,ERROR timeout,1,0.1,1.3,no_op,0
577,24.694114731859433,0.16390098786879725,ERROR timeout,1,0.1,1.3,no_op,0
578,28.44291600030367,0.17702045663367702,ERROR timeout,1,0.1,1.3,no_op,0
579,28.08460270303089,0.17172902991730615,ERROR timeout,1,0.1,1.3,no_op,0
580,28.09488195171878,0.16362317039865582,ERROR timeout,1,0.1,1.3,no_op,0
581,27.906601327899246,0.17765642981732016,ERROR timeout,1,0.1,1.3,no_op,0
582,21.166522844820566,0.16450360264004762,ERROR timeout,1,0.1,1.3,no_op,0
583,23.827893526073492,0.1590444629909422,ERROR timeout,1,0.1,1.3,no_op,0
584,25.657065310506283,0.1827521102789207,ERROR timeout,1,0.1,1.3,no_op,0
585,21.692623297535974,0.15669200136225786,ERROR timeout,1,0.1,1.3,no_op,0
586,28.678097388616692,0.15910890947662296,ERROR timeout,1,0.1,1.3,no_op,0
587,23.967576315877785,0.15865905070961425,ERROR timeout,1,0.1,1.3,no_op,0
588,25.964286614293187,0.17940575917301307,ERROR timeout,1,0.1,1.3,no_op,0
589,28.382188581355557,0.1793425450591156,ERROR timeout,1,0.1,1.3,no_op,0
590,24.75210179160652,0.16917305137286753,ERROR timeout,1,0.1,1.3,no_op,0
591,27.91610373135371,0.18843058621129816,ERROR timeout,1,0.1,1.3,no_op,0
592,24.36805975018151,0.17622677295788938,ERROR timeout,1,0.1,1.3,no_op,0
593,26.344840372645194,0.16893870650925463,ERROR timeout,1,0.1,1.3,no_op,0
594,29.28265532941277,0.15924450421560954,ERROR timeout,1,0.1,1.3,no_op,0
595,24.881678639165607,0.17182073796099945,ERROR timeout,1,0.1,1.3,no_op,0
596,28.911097465499658,0.17449136286724823,ERROR timeout,1,0.1,1.3,no_op,0
597,27.195372450306813,0.17957379415564437,ERROR timeout,1,0.1,1.3,no_op,0
598,24.48189421495721,0.16417616361982998,ERROR timeout,1,0.1,1.3,no_op,0
599,26.988252316203738,0.1828333328640418,ERROR timeout,1,0.9920127510415985,1.3,no_op,0
600,25.15434523415345,0.15785011704976035,ERROR timeout,1,0.9919327028034007,1.3,no_op,0
601,27.55843093035545,0.15741911613118942,ERROR timeout,1,0.9919433337851311,1.3,no_op,0
602,23.23493193810707,0.17781985702511066,ERROR timeout,1,0.9919801514398842,1.3,no_op,0
603,28.469895632397048,0.15592456668404053,ERROR timeout,1,0.9919435628736213,1.3,no_op,0
604,28.37103217291574,0.17453763386308946,ERROR timeout,1,0.9919960216930127,1.3,no_op,0
605,25.71773449836154,0.16741846323062295,ERROR timeout,1,0.9919627705309052,1.3,no_op,0
606,30.859457043284465,0.17421603652595694,ERROR timeout,1,0.9920072922790392,1.3,no_op,0
607,28.604862691013004,0.16236620443639904,ERROR timeout,1,0.9919625886396993,1.3,no_op,0
608,27.629817574360622,0.163185025968698,ERROR timeout,1,0.99196012313901,1.3,no_op,0
609,34.336884296422845,0.15990221393164206,ERROR timeout,1,0.991983742262734,1.3,no_op,0
610,29.594710094088676,0.17254218481493064,ERROR timeout,1,0.9919963585672197,1.3,no_op,0
611,26.95606005473248,0.16479645016051364,ERROR timeout,1,0.9919613969274782,1.3,no_op,0
612,26.549371749261667,0.15198961667281868,ERROR timeout,1,0.9919228378294525,1.3,no_op,0
613,31.434626766358576,0.17258896491761125,ERROR timeout,1,0.992005499014721,1.3,no_op,0
614,28.70983253352322,0.1702681420911902,ERROR timeout,1,0.9919855694170324,1.3,no_op,0
615,33.789394486678255,0.16114889964742046,ERROR timeout,1,0.991984596183823,1.3,no_op,0
616,31.69353565864574,0.17312786079315487,ERROR timeout,1,0.99200829151163,1.3,no_op,0
617,28.890598693459317,0.17718090053289826,ERROR timeout,1,0.9920060551142657,1.3,no_op,0
618,29.275886294333034,0.14303088890849913,ERROR timeout,1,0.9919106756214712,1.3,no_op,0
619,37.33904575165616,0.1771563209220875,ERROR timeout,1,0.9920472157864632,1.3,no_op,0
620,38.02294747945771,0.1629229032969811,ERROR timeout,1,0.9920103606261101,1.3,no_op,0
621,35.67425585408339,0.16719036433742301,ERROR timeout,1,0.9920109532573701,1.3,no_op,0
622,38.154188404400685,0.1366845507827607,ERROR timeout,1,0.9919364039445724,1.3,no_op,0
623,38.808826423484106,0.1645487447844393,ERROR timeout,1,0.9920188007520382,1.3,no_op,0
624,34.41122295198397,0.16609029141179588,ERROR timeout,1,0.9920016587595919,1.3,no_op,0
625,38.69695310025526,0.1843482099451615,ERROR timeout,1,0.9920740423836266,1.3,no_op,0
626,39.61617459802539,0.1658314152852821,ERROR timeout,1,0.9920263675296657,1.3,no_op,0
627,40.46621051623396,0.16267066917754025,ERROR timeout,1,0.9920215866873426,1.3,no_op,0
628,35.86930811970874,0.18253735025013246,ERROR timeout,1,0.9920552174792027,1.3,no_op,0
629,38.79065648431098,0.15607399376573375,ERROR timeout,1,0.9919947155150606,1.3,no_op,0
630,39.378535506775485,0.18072841510830134,ERROR timeout,1,0.9920671821792685,1.3,no_op,0
631,45.90859338824989,0.16385803200011922,ERROR timeout,1,0.9920514635531946,1.3,no_op,0
632,46.79040079058809,0.16019320467113965,ERROR timeout,1,0.9920454319643196,1.3,no_op,0
633,38.66883644705151,0.1780160741308935,ERROR timeout,1,0.992056106072773,1.3,no_op,0
634,41.10965165520191,0.16319719228805493,ERROR timeout,1,0.9920262155677526,1.3,no_op,0
635,47.559591031562455,0.16956759815862876,ERROR timeout,1,0.9920755366566784,1.3,no_op,0
636,43.29755609418663,0.1536427776662915,ERROR timeout,1,0.9920098888804691,1.3,no_op,0
637,48.492721854293286,0.1855383261129399,ERROR timeout,1,0.9921247459365166,1.3,no_op,0
638,45.31780161796603,0.17265580528509997,ERROR timeout,1,0.9920733321704078,1.3,no_op,0
639,42.717848702400616,0.18121335031859698,ERROR timeout,1,0.9920847400160371,1.3,no_op,0
640,43.91427584932297,0.17083687996890956,ERROR timeout,1,0.9920614058172538,1.3,no_op,0
641,47.799214527360306,0.15124286897701153,ERROR timeout,1,0.9920250965800953,1.3,no_op,0
642,43.45842412564056,0.1764709907596853,ERROR timeout,1,0.9920750240492989,1.3,no_op,0
643,46.30261498417694,0.18187710598821458,ERROR timeout,1,0.9921039460450459,1.3,no_op,0
644,49.104266349789576,0.16791382187145837,ERROR timeout,1,0.9920783859058414,1.3,no_op,0
645,47.18677441495572,0.16103098831412505,ERROR timeout,1,0.9920497214886063,1.3,no_op,0
646,45.86752056008446,0.1770434397442276,ERROR timeout,1,0.9920883062736396,1.3,no_op,0
647,46.325009983888314,0.18133141211826223,ERROR timeout,1,0.99210252765816,1.3,no_op,0
648,49.92575795547599,0.17384342107147097,ERROR timeout,1,0.9920989830159644,1.3,no_op,0
649,55.17167220669677,0.160094909695338,ERROR timeout,1,0.9920858594285564,1.3,no_op,0
650,48.75100353248013,0.1810391026578297,ERROR timeout,1,0.9921134299093937,1.3,no_op,0
651,50.69696176622576,0.1701866314954157,ERROR timeout,1,0.9920924743851408,1.3,no_op,0
652,48.662332824405716,0.17756406035778702,ERROR timeout,1,0.9921032860275,1.3,no_op,0
653,48.70492994590603,0.15601680372364232,ERROR timeout,1,0.992042984269883,1.3,no_op,0
654,51.55699843083087,0.16868648583600548,ERROR timeout,1,0.992092434668903,1.3,no_op,0
655,55.023375116719386,0.163698125467537,ERROR timeout,1,0.9920952379145378,1.3,no_op,0
656,55.932933237647404,0.1727814635029177,ERROR timeout,1,0.9921250202180842,1.3,no_op,0
657,54.5129467388588,0.17291371349797982,ERROR timeout,1,0.9921185415453782,1.3,no_op,0
658,51.783261456076055,0.18891703256626174,ERROR timeout,1,0.9921499949442409,1.3,no_op,0
659,54.300162760716,0.17108165945810228,ERROR timeout,1,0.9921123971002014,1.3,no_op,0
660,58.32728800607566,0.16490221052580767,ERROR timeout,1,0.9921145725249213,1.3,no_op,0
661,55.5395919168781,0.16870056585444823,ERROR timeout,1,0.9921117275023857,1.3,no_op,0
662,54.651044351351196,0.1768916005015149,ERROR timeout,1,0.9921303062361154,1.3,no_op,0
663,57.976827423038415,0.1690319308101448,ERROR timeout,1,0.9921244117078675,1.3,no_op,0
664,57.02201285684493,0.17601578169496684,ERROR timeout,1,0.9921392808604728,1.3,no_op,0
665,56.51736253452378,0.16434327269046414,ERROR timeout,1,0.9921042682161276,1.3,no_op,0
666,56.23224387578903,0.17959827446423468,ERROR timeout,1,0.9921454552624015,1.3,no_op,0
667,52.72876336862692,0.15536747715276678,ERROR timeout,1,0.992060731504377,1.3,no_op,0
668,54.27362040348213,0.18304900503684962,ERROR timeout,1,0.9921456406698634,1.3,no_op,0
669,55.90203169964737,0.17211779155124876,ERROR timeout,1,0.9921230193931493,1.3,no_op,0
670,54.26115358220266,0.16290925492813857,ERROR timeout,1,0.9920893385129979,1.3,no_op,0
671,55.226132461514155,0.1687931631956264,ERROR timeout,1,0.9921104726261283,1.3,no_op,0
672,56.50272340873817,0.16164895124260262,ERROR timeout,1,0.992096657148754,1.3,no_op,0
673,52.42579016408357,0.1652978317888198,ERROR timeout,1,0.9920871450993105,1.3,no_op,0
674,52.22641475368971,0.16328940046991228,ERROR timeout,1,0.9920805465408837,1.3,no_op,0
675,55.85562083223035,0.15339489144224186,ERROR timeout,1,0.9920703726908856,1.3,no_op,0
676,57.90712549643446,0.17020754646974554,ERROR timeout,1,0.9921273553029428,1.3,no_op,0
677,54.5935785176313,0.1563842911283254,ERROR timeout,1,0.992072644547857,1.3,no_op,0
678,57.34905037545804,0.18554086778133974,ERROR timeout,1,0.9921673315230041,1.3,no_op,0
679,58.16131555944934,0.1749654835385239,ERROR timeout,1,0.9921418375381058,1.3,no_op,0
680,54.60796976358281,0.16994803120337867,ERROR timeout,1,0.9921107152582245,1.3,no_op,0
681,56.87485688667966,0.17700246775612,ERROR timeout,1,0.9921413203727365,1.3,no_op,0
682,55.688818167983094,0.17316677358168814,ERROR timeout,1,0.9921249184648371,1.3,no_op,0
683,48.389142225198704,0.14397452424511495,ERROR timeout,1,0.9920074231331484,1.3,no_op,0
684,47.14217749651332,0.17614717104886413,ERROR timeout,1,0.9920919661844642,1.3,no_op,0
685,52.42857878390626,0.17114367027668953,ERROR timeout,1,0.9921035291809094,1.3,no_op,0
686,48.44392668549683,0.16919379736411483,ERROR timeout,1,0.9920787760982345,1.3,no_op,0
687,48.857836194166715,0.17454570258424607,ERROR timeout,1,0.9920957833625432,1.3,no_op,0
688,53.30541061858588,0.17597343872725238,ERROR timeout,1,0.9921212588925397,1.3,no_op,0
689,47.04086222330118,0.15743783297485722,ERROR timeout,1,0.9920388843144844,1.3,no_op,0
690,46.39035711001841,0.17394577764098776,ERROR timeout,1,0.992082153576706,1.3,no_op,0
691,46.16584270970202,0.17531816370902523,ERROR timeout,1,0.9920849145571905,1.3,no_op,0
692,48.99758329524958,0.1894555451724271,ERROR timeout,1,0.9921380976793972,1.3,no_op,0
693,47.47935209800403,0.18672356450429337,ERROR timeout,1,0.9921231675654212,1.3,no_op,0
694,45.30338287258732,0.1710432457479579,ERROR timeout,1,0.9920687326323341,1.3,no_op,0
695,41.92139194642158,0.1474638335477542,ERROR timeout,1,0.9919856335146543,1.3,no_op,0
696,49.14260993693572,0.1793256403378804,ERROR timeout,1,0.9921105324068542,1.3,no_op,0
697,49.33759192706799,0.17677618394122777,ERROR timeout,1,0.9921043457792046,1.3,no_op,0
698,48.70495609159921,0.17771904301757105,ERROR timeout,1,0.9921039256065595,1.3,no_op,0
699,42.689876989610816,0.16010010612065886,ERROR timeout,1,0.992025179471349,1.3,no_op,0
700,46.080151784828004,0.1446439268876466,ERROR timeout,1,0.9919980176240688,1.3,no_op,0
701,42.444468398895516,0.17434426186288363,ERROR timeout,1,0.9920641272580524,1.3,no_op,0
702,47.85160807758019,0.16520534174300114,ERROR timeout,1,0.992064699395795,1.3,no_op,0
703,38.156503753108936,0.1565896736571799,ERROR timeout,1,0.9919930705961224,1.3,no_op,0
704,45.48675953100168,0.18621514194544134,ERROR timeout,1,0.9921121336268316,1.3,no_op,0
705,39.67486468510969,0.17915055693935067,ERROR timeout,1,0.9920641862495472,1.3,no_op,0
706,41.73611868770631,0.14997364807323896,ERROR timeout,1,0.9919918475401099,1.3,no_op,0
707,38.79597002498532,0.16178410957489667,ERROR timeout,1,0.9920109176897906,1.3,no_op,0
708,36.11443970903516,0.14662681074972647,ERROR timeout,1,0.991954714558775,1.3,no_op,0
709,35.76196420029384,0.18723401380146537,ERROR timeout,1,0.992067904105518,1.3,no_op,0
710,41.93598765677494,0.15685882650780705,ERROR timeout,1,0.9920123326715361,1.3,no_op,0
711,37.07883454596687,0.16684241347925383,ERROR timeout,1,0.992016834405857,1.3,no_op,0
712,36.0008473564356,0.16244484842634968,ERROR timeout,1,0.9919991115130296,1.3,no_op,0
713,31.569186983900487,0.16273934118098785,ERROR timeout,1,0.9919782176647622,1.3,no_op,0
714,31.67882958403525,0.16645640283704508,ERROR timeout,1,0.9919893105339781,1.3,no_op,0
715,33.21137392147893,0.1551059978433773,ERROR timeout,1,0.9919645782076103,1.3,no_op,0
716,29.786497705666203,0.16736823260332767,ERROR timeout,1,0.9919826173523402,1.3,no_op,0
717,33.418196565847396,0.18189535132967938,ERROR timeout,1,0.9920414794138558,1.3,no_op,0
718,29.13453833739738,0.17937284116183116,ERROR timeout,1,0.9920134522903392,1.3,no_op,0
719,31.63725460814606,0.16779799896931943,ERROR timeout,1,0.9919929128646303,1.3,no_op,0
720,35.495372374332426,0.18516091415584882,ERROR timeout,1,0.9920607811283596,1.3,no_op,0
721,30.590838931558864,0.1689617865533565,ERROR timeout,1,0.991991085447103,1.3,no_op,0
722,28.64023881137769,0.1663153497262846,ERROR timeout,1,0.9919739979618473,1.3,no_op,0
723,28.825046605885376,0.14876427587213342,ERROR timeout,1,0.9919248590520593,1.3,no_op,0
724,26.99978699175268,0.17348584252143978,ERROR timeout,1,0.9919863162829572,1.3,no_op,0
725,31.825890457891674,0.16199045224917852,ERROR timeout,1,0.9919773499322524,1.3,no_op,0
726,33.08951658999879,0.16847454651310495,ERROR timeout,1,0.9920019438286936,1.3,no_op,0
727,24.49039969603602,0.1667664887570655,ERROR timeout,1,0.9919548732967448,1.3,no_op,0
728,23.940355744447334,0.1881120771918335,ERROR timeout,1,0.9920127866898026,1.3,no_op,0
729,32.03043039059033,0.17279771725195978,ERROR timeout,1,0.9920090047212328,1.3,no_op,0
730,24.730260671881112,0.17184962879106952,ERROR timeout,1,0.9919705248399886,1.3,no_op,0
731,31.98071055443424,0.17458594655016407,ERROR timeout,1,0.9920138220866571,1.3,no_op,0
732,25.731359105676525,0.16997002099615802,ERROR timeout,1,0.9919700984385232,1.3,no_op,0
733,30.77717786492575,0.1797462551267888,ERROR timeout,1,0.9920225331854445,1.3,no_op,0
734,30.70450697992855,0.18481589434296974,ERROR timeout,1,0.9920364928698238,1.3,no_op,0
735,22.628943598595306,0.183486670849506,ERROR timeout,1,0.9919932649744206,1.3,no_op,0
736,22.6323677525124,0.16173198432979113,ERROR timeout,1,0.9919313436570302,1.3,no_op,0
737,24.346221752332937,0.16841731011192032,ERROR timeout,1,0.991958866829899,1.3,no_op,0
738,27.17318033029478,0.18909765214237564,ERROR timeout,1,0.9920313578622385,1.3,no_op,0
739,20.96787173983202,0.16966218141708142,ERROR timeout,1,0.9919457760400244,1.3,no_op,0
740,21.80806971234941,0.18433160740795462,ERROR timeout,1,0.9919916385978014,1.3,no_op,0
741,29.330133842884077,0.1748538548311831,ERROR timeout,1,0.9920016147732448,1.3,no_op,0
742,25.752578497717238,0.16655210337706278,ERROR timeout,1,0.9919604751038359,1.3,no_op,0
743,28.77073901779523,0.18081634454498757,ERROR timeout,1,0.9920157575339319,1.3,no_op,0
744,27.747676858984462,0.18709569708344398,ERROR timeout,1,0.992028508117552,1.3,no_op,0
745,22.288112529776086,0.16938511230869988,ERROR timeout,1,0.9919514914272604,1.3,no_op,0
746,20.127225425382235,0.14100492559910244,ERROR timeout,1,0.9918594188906817,1.3,no_op,0
747,29.062391212379346,0.18202607444195862,ERROR timeout,1,0.9920206028645655,1.3,no_op,0
748,28.236471462293185,0.172517587199469,ERROR timeout,1,0.9919896325715197,1.3,no_op,0
749,26.785244092528174,0.15251261614767792,ERROR timeout,1,0.9919254996643638,1.3,no_op,0
750,22.030330882519667,0.1625545605877422,ERROR timeout,1,0.9919307216704222,1.3,no_op,0
751,20.78692597385239,0.17395399604005277,ERROR timeout,1,0.9919571204586466,1.3,no_op,0
752,28.445716728818258,0.16752061831229387,ERROR timeout,1,0.9919764686666209,1.3,no_op,0
753,25.384890314032877,0.15899454660877615,ERROR timeout,1,0.9919371101084009,1.3,no_op,0
754,22.584112809925397,0.18688301046734546,ERROR timeout,1,0.992002672676483,1.3,no_op,0
755,29.25332417525576,0.14787376444049935,ERROR timeout,1,0.9919244284674035,1.3,no_op,0
756,21.303185855694785,0.17501155683992448,ERROR timeout,1,0.9919626727420359,1.3,no_op,0
757,27.749143375080756,0.1699603735907902,ERROR timeout,1,0.9919799814279459,1.3,no_op,0
758,29.386566401839865,0.17825599094870503,ERROR timeout,1,0.9920115242782823,1.3,no_op,0
759,27.814029854251324,0.18501304234632443,ERROR timeout,1,0.9920229487910434,1.3,no_op,0
760,24.143143434746612,0.17462237555917096,ERROR timeout,1,0.9919755244078416,1.3,no_op,0
761,23.062942392080664,0.1885546768488938,ERROR timeout,1,0.9920097490677822,1.3,no_op,0
762,31.969113070708225,0.15839003972853663,ERROR timeout,1,0.9919678157423285,1.3,no_op,0
763,26.38011480455462,0.1558171426718862,ERROR timeout,1,0.9919329454215116,1.3,no_op,0
764,32.19861955116467,0.15772865900191158,ERROR timeout,1,0.9919670621850223,1.3,no_op,0
765,31.210687278425727,0.17738120189862988,ERROR timeout,1,0.9920179650172187,1.3,no_op,0
766,30.947663440348258,0.17369713843299317,ERROR timeout,1,0.9920062545447742,1.3,no_op,0
767,32.989329589922775,0.17641109072295985,ERROR timeout,1,0.992023909268562,1.3,no_op,0
768,27.43893413072918,0.16019811037289702,ERROR timeout,1,0.9919506719420316,1.3,no_op,0
769,29.10341131409847,0.17038012176929931,ERROR timeout,1,0.991987817569229,1.3,no_op,0
770,34.76025962585692,0.18456532921499944,ERROR timeout,1,0.9920555320445674,1.3,no_op,0
771,34.08654535241954,0.17674071706418681,ERROR timeout,1,0.9920301946236783,1.3,no_op,0
772,34.81821893554603,0.16033742181309965,ERROR timeout,1,0.9919873388265955,1.3,no_op,0
773,32.8584115273755,0.15203306641687128,ERROR timeout,1,0.9919540890080367,1.3,no_op,0
774,36.883779149034325,0.17216012659844257,ERROR timeout,1,0.9920309073576504,1.3,no_op,0
775,32.73562614365966,0.18128693219943356,ERROR timeout,1,0.9920364375725484,1.3,no_op,0
776,36.28681543830554,0.17168925737302212,ERROR timeout,1,0.9920266652022531,1.3,no_op,0
777,37.096625191363245,0.1694219042503791,ERROR timeout,1,0.9920242126765251,1.3,no_op,0
778,35.96444114763799,0.18541263701205626,ERROR timeout,1,0.9920637679775379,1.3,no_op,0
779,39.39922455939251,0.17219078160241977,ERROR timeout,1,0.9920432537759469,1.3,no_op,0
780,41.40687523854998,0.18604259036350418,ERROR timeout,1,0.9920919269175104,1.3,no_op,0
781,33.427525543062,0.18082282641577235,ERROR timeout,1,0.9920385005224461,1.3,no_op,0
782,39.47373008394207,0.1737994204551843,ERROR timeout,1,0.9920481493830746,1.3,no_op,0
783,38.776282950141095,0.18213412658853886,ERROR timeout,1,0.9920682082632352,1.3,no_op,0
784,40.36593837595668,0.1683980538791406,ERROR timeout,1,0.992037269040027,1.3,no_op,0
785,36.568048436826544,0.16450055640608738,ERROR timeout,1,0.9920077107500812,1.3,no_op,0
786,39.315688285568484,0.1674907811449902,ERROR timeout,1,0.9920295874806931,1.3,no_op,0
787,39.74684679597506,0.179724052619289,ERROR timeout,1,0.992066147942284,1.3,no_op,0
788,41.253593218138555,0.17240809222901166,ERROR timeout,1,0.992052891508516,1.3,no_op,0
789,41.64568288059621,0.16576075555372802,ERROR timeout,1,0.9920360668411085,1.3,no_op,0
790,43.825916956917695,0.16655627361807113,ERROR timeout,1,0.9920489283678542,1.3,no_op,0
791,42.20671894865135,0.16513207436255464,ERROR timeout,1,0.9920370279004315,1.3,no_op,0
792,45.462883507901374,0.145097330360885,ERROR timeout,1,0.9919962795238116,1.3,no_op,0
793,48.321971857683494,0.16496818956602408,ERROR timeout,1,0.9920663171644168,1.3,no_op,0
794,43.43870272509655,0.17849984781288358,ERROR timeout,1,0.9920806224848221,1.3,no_op,0
795,42.44813372236259,0.15236151274781115,ERROR timeout,1,0.9920021046183296,1.3,no_op,0
796,46.784782279855705,0.16225659848486298,ERROR timeout,1,0.9920512170050493,1.3,no_op,0
797,50.87020353502954,0.15493230918676532,ERROR timeout,1,0.9920504693159197,1.3,no_op,0
798,51.94807566992093,0.16079238785984012,ERROR timeout,1,0.9920721873509725,1.3,no_op,0
799,50.658979172398666,0.1540704274900577,ERROR timeout,1,0.992047013618462,1.3,no_op,0
800,43.40128247386946,0.1700082980917521,ERROR timeout,1,0.9920565814504083,1.3,no_op,0
801,48.269909270552766,0.1674981217484969,ERROR timeout,1,0.9920731719876446,1.3,no_op,0
802,53.333584913534395,0.17007357788361924,ERROR timeout,1,0.9921049098371816,1.3,no_op,0
803,51.88197517892764,0.1652701374527733,ERROR timeout,1,0.9920844330529321,1.3,no_op,0
804,46.64881305651195,0.16549932862170227,ERROR timeout,1,0.992059682171489,1.3,no_op,0
805,50.67092525465042,0.16610178005866538,ERROR timeout,1,0.9920808966985899,1.3,no_op,0
806,52.93386296064077,0.17223618477696268,ERROR timeout,1,0.9921090258983226,1.3,no_op,0
807,55.18011516446696,0.18692712219948585,ERROR timeout,1,0.9921607762160061,1.3,no_op,0
808,48.88649068898017,0.15525326767683828,ERROR timeout,1,0.9920417161796721,1.3,no_op,0
809,51.64734791271547,0.17556430302059692,ERROR timeout,1,0.9921121151952556,1.3,no_op,0
810,49.59085850939654,0.1578324933125075,ERROR timeout,1,0.9920524114828186,1.3,no_op,0
811,56.26216923068243,0.16527839298102281,ERROR timeout,1,0.9921056504897501,1.3,no_op,0
812,56.71825656269173,0.18623853438659765,ERROR timeout,1,0.9921662430149871,1.3,no_op,0
813,48.71609821554345,0.17586430367840242,ERROR timeout,1,0.9920987894184266,1.3,no_op,0
814,50.521990538185946,0.1680117241752444,ERROR timeout,1,0.9920855316973132,1.3,no_op,0
815,50.164052054568316,0.1688723480641655,ERROR timeout,1,0.9920862106973195,1.3,no_op,0
816,59.06283380089116,0.16248980093586327,ERROR timeout,1,0.9921113828624032,1.3,no_op,0
817,50.9814124069353,0.16927175851734697,ERROR timeout,1,0.9920912881877494,1.3,no_op,0
818,54.110383069342234,0.16435081178243807,ERROR timeout,1,0.9920926477270479,1.3,no_op,0
819,52.12918636606781,0.14724016077937654,ERROR timeout,1,0.9920349178653134,1.3,no_op,0
820,51.90577998991628,0.1769166948434144,ERROR timeout,1,0.9921171406378659,1.3,no_op,0
821,50.84692470853345,0.1848562349641421,ERROR timeout,1,0.9921341860066594,1.3,no_op,0
822,52.70039873660121,0.1625021973777483,ERROR timeout,1,0.9920806356030071,1.3,no_op,0
823,51.21348129699336,0.1624955459757425,ERROR timeout,1,0.9920734059549906,1.3,no_op,0
824,57.59596405943912,0.17270022962318832,ERROR timeout,1,0.9921328063475507,1.3,no_op,0
825,52.02172317018369,0.16210735400775436,ERROR timeout,1,0.9920762368118041,1.3,no_op,0
826,56.98350348415676,0.16220856663007754,ERROR timeout,1,0.9921005489427638,1.3,no_op,0
827,51.596927250994376,0.17702262317087478,ERROR timeout,1,0.9921159460833643,1.3,no_op,0
828,53.87169249986772,0.1669501928549203,ERROR timeout,1,0.9920987718034735,1.3,no_op,0
829,58.13208382727902,0.1623227774608898,ERROR timeout,1,0.9921064201667552,1.3,no_op,0
830,55.69945021081045,0.15093223144159204,ERROR timeout,1,0.9920626930055323,1.3,no_op,0
831,50.55950233019617,0.15067224111097646,ERROR timeout,1,0.992036949132415,1.3,no_op,0
832,53.433215597125326,0.1672813130504573,ERROR timeout,1,0.9920975779245945,1.3,no_op,0
833,52.04223192057582,0.17249568566506931,ERROR timeout,1,0.9921054438055272,1.3,no_op,0
834,54.88043487418443,0.16914003332784278,ERROR timeout,1,0.9921097726412959,1.3,no_op,0
835,55.58450424670884,0.18033895533498703,ERROR timeout,1,0.9921444019657775,1.3,no_op,0
836,53.45107000110723,0.1696327647818466,ERROR timeout,1,0.9921042446143146,1.3,no_op,0
837,51.77608239538637,0.17864496141074365,ERROR timeout,1,0.9921213402708419,1.3,no_op,0
838,55.849314964967775,0.16551989330086933,ERROR timeout,1,0.9921043307912099,1.3,no_op,0
839,52.441891689622715,0.17646222807344042,ERROR timeout,1,0.992118458204858,1.3,no_op,0
840,52.52861002604608,0.17114512981729343,ERROR timeout,1,0.9921040167520477,1.3,no_op,0
841,47.54030037115985,0.16668820878001978,ERROR timeout,1,0.9920673554667304,1.3,no_op,0
842,51.10676839826172,0.1572810961981683,ERROR timeout,1,0.9920582311592209,1.3,no_op,0
843,52.11313569717553,0.16204404302321918,ERROR timeout,1,0.9920765024465189,1.3,no_op,0
844,48.114037633776015,0.1653881567161539,ERROR timeout,1,0.9920664877625144,1.3,no_op,0
845,51.78269782084147,0.1573035824272644,ERROR timeout,1,0.9920615794322405,1.3,no_op,0
846,50.923681137588105,0.1875773576929818,ERROR timeout,1,0.9921421346301426,1.3,no_op,0
847,45.401299139104125,0.17726243239678474,ERROR timeout,1,0.9920866621087319,1.3,no_op,0
848,45.30499074297898,0.17326964103531484,ERROR timeout,1,0.9920749935642242,1.3,no_op,0
849,44.60901593612598,0.15667255151745346,ERROR timeout,1,0.9920248639845666,1.3,no_op,0
850,46.25809333195494,0.1776713183202657,ERROR timeout,1,0.9920919567423863,1.3,no_op,0
851,43.1792191538713,0.17373875429956678,ERROR timeout,1,0.9920659937566184,1.3,no_op,0
852,42.96619626142975,0.18344559317865397,ERROR timeout,1,0.9920921992050509,1.3,no_op,0
853,51.00310773236521,0.1708971129052663,ERROR timeout,1,0.9920959457825975,1.3,no_op,0
854,49.23754893462834,0.1659573969005249,ERROR timeout,1,0.9920735402981598,1.3,no_op,0
855,40.34580495798031,0.17482588615030417,ERROR timeout,1,0.9920552822447213,1.3,no_op,0
856,45.55924253375914,0.16451415601168073,ERROR timeout,1,0.9920516114288386,1.3,no_op,0
857,39.34295124993613,0.17176381010316705,ERROR timeout,1,0.9920417760827009,1.3,no_op,0
858,39.52848399085431,0.16595341124615495,ERROR timeout,1,0.9920262841589212,1.3,no_op,0
859,42.241391467838255,0.16267082281623366,ERROR timeout,1,0.9920302511470948,1.3,no_op,0
860,44.73437802665353,0.1726562068988693,ERROR timeout,1,0.9920705021097943,1.3,no_op,0
861,41.34615544331707,0.16977758054822725,ERROR timeout,1,0.9920459330532273,1.3,no_op,0
862,41.5377084754932,0.1717572541399532,ERROR timeout,1,0.9920524412032738,1.3,no_op,0
863,40.67133338408844,0.17955456465291805,ERROR timeout,1,0.9920701600742857,1.3,no_op,0
864,36.441077685386105,0.15725250440451505,ERROR timeout,1,0.9919865413633109,1.3,no_op,0
865,38.667662567113425,0.1771304280801742,ERROR timeout,1,0.9920536076154834,1.3,no_op,0
866,37.67819883840661,0.1614545250962013,ERROR timeout,1,0.9920045167829127,1.3,no_op,0
867,33.80819232043811,0.15124294406441036,ERROR timeout,1,0.9919565137422882,1.3,no_op,0
868,35.70036083692119,0.17714827692952465,ERROR timeout,1,0.9920392124831139,1.3,no_op,0
869,36.03280778049725,0.15364793897026302,ERROR timeout,1,0.9919742977367785,1.3,no_op,0
870,39.24480123221119,0.16748884823872243,ERROR timeout,1,0.9920292361988775,1.3,no_op,0
871,40.103795798120686,0.16156832174316343,ERROR timeout,1,0.9920166998662897,1.3,no_op,0
872,33.54035154287391,0.16833213910074932,ERROR timeout,1,0.9920037470850929,1.3,no_op,0
873,38.13218297707705,0.16229792419904782,ERROR timeout,1,0.9920091258579726,1.3,no_op,0
874,30.30285371056071,0.17594013813038897,ERROR timeout,1,0.9920094506040555,1.3,no_op,0
875,29.839256699714177,0.17101272833973824,ERROR timeout,1,0.9919932196266937,1.3,no_op,0
876,31.623418101170124,0.17440244714735703,ERROR timeout,1,0.9920115562010579,1.3,no_op,0
877,35.39891804024687,0.1795503534446331,ERROR timeout,1,0.9920445160432667,1.3,no_op,0
878,29.747780866491766,0.17533360058006328,ERROR timeout,1,0.992005017877203,1.3,no_op,0
879,31.6539015094456,0.18058953133228484,ERROR timeout,1,0.9920291942762792,1.3,no_op,0
880,27.292064025826015,0.17071910128808723,ERROR timeout,1,0.9919798933236399,1.3,no_op,0
881,32.184631459725765,0.15899253819346593,ERROR timeout,1,0.9919705889642917,1.3,no_op,0
882,26.79472893414443,0.17817906688119398,ERROR timeout,1,0.9919986237864172,1.3,no_op,0
883,30.812453429021527,0.16764349014130409,ERROR timeout,1,0.9919884312866414,1.3,no_op,0
884,25.6192848611555,0.1791137585229295,ERROR timeout,1,0.991995516047202,1.3,no_op,0
885,27.902335528269695,0.17457738973768425,ERROR timeout,1,0.991993838067801,1.3,no_op,0
886,31.323741136348936,0.17404645540514851,ERROR timeout,1,0.9920090831967353,1.3,no_op,0
887,28.7484407434089,0.1622319379412158,ERROR timeout,1,0.9919629126458821,1.3,no_op,0
888,30.697080036958532,0.1700310651937063,ERROR timeout,1,0.9919946390010227,1.3,no_op,0
889,23.994426670190073,0.15667662807289776,ERROR timeout,1,0.9919236176606061,1.3,no_op,0
890,25.61123727226507,0.15368153404308432,ERROR timeout,1,0.9919230409917652,1.3,no_op,0
891,24.518611460616995,0.1612152610260661,ERROR timeout,1,0.991939177465902,1.3,no_op,0
892,25.60280320919186,0.18048213333896868,ERROR timeout,1,0.9919993143833695,1.3,no_op,0
893,23.879665770434737,0.16907201556213344,ERROR timeout,1,0.9919584355559766,1.3,no_op,0
894,25.49079896705043,0.15656646847815392,ERROR timeout,1,0.9919306956394599,1.3,no_op,0
895,24.841285240546934,0.16876147931146893,ERROR timeout,1,0.9919622828023648,1.3,no_op,0
896,26.243444897279037,0.16606739129000214,ERROR timeout,1,0.9919615099338532,1.3,no_op,0
897,28.540151524302104,0.1821269020428397,ERROR timeout,1,0.9920183369979128,1.3,no_op,0
898,23.336065248810637,0.18279552084275016,ERROR timeout,1,0.991994769785269,1.3,no_op,0
899,22.39454359144598,0.15984705224010667,ERROR timeout,1,0.9955285648506267,1.3,no_op,0
900,29.5328748729726,0.17305533081741953,ERROR timeout,1,0.9956326447366113,1.3,no_op,0
901,20.80791043671894,0.17565409762210304,ERROR timeout,1,0.9955376902772439,1.3,no_op,0
902,27.175300618560293,0.17036211767941947,ERROR timeout,1,0.9956013915854526,1.3,no_op,0
903,20.977220488374137,0.17393602479993525,ERROR timeout,1,0.9955366631431863,1.3,no_op,0
904,23.05296161576838,0.1862954804466788,ERROR timeout,1,0.9955817640712359,1.3,no_op,0
905,22.37338783679825,0.15409449417699714,ERROR timeout,1,0.9955183216447498,1.3,no_op,0
906,25.957970890428044,0.1686219765448472,ERROR timeout,1,0.9955845678110365,1.3,no_op,0
907,23.063552181505557,0.1488969805339895,ERROR timeout,1,0.9955172595107254,1.3,no_op,0
908,22.755099163718533,0.1719861402225717,ERROR timeout,1,0.9955537302445372,1.3,no_op,0
909,20.42976687172609,0.16627050190157402,ERROR timeout,1,0.9955170296603636,1.3,no_op,0
910,27.348784391611222,0.16875193759757168,ERROR timeout,1,0.9956006107608651,1.3,no_op,0
911,28.390697811128845,0.17415043190709645,ERROR timeout,1,0.9956216133660255,1.3,no_op,0
912,24.23920617554926,0.1808163008237701,ERROR timeout,1,0.9955858886112352,1.3,no_op,0
913,26.67181420575568,0.17954754867521133,ERROR timeout,1,0.995611353426022,1.3,no_op,0
914,22.634788769637666,0.17680111282157498,ERROR timeout,1,0.9955606570914152,1.3,no_op,0
915,29.785788095669663,0.16375443152018074,ERROR timeout,1,0.9956197028300149,1.3,no_op,0
916,26.66443348809299,0.19372993124823437,ERROR timeout,1,0.9956353732793355,1.3,no_op,0
917,26.404344009400177,0.17240401816221326,ERROR timeout,1,0.9955961238291328,1.3,no_op,0
918,27.312088424428573,0.1679739114415657,ERROR timeout,1,0.9955988646374537,1.3,no_op,0
919,31.185588474409133,0.17530927324928627,ERROR timeout,1,0.9956550394800726,1.3,no_op,0
920,31.01806226904094,0.17710416024844508,ERROR timeout,1,0.995656189066357,1.3,no_op,0
921,27.833317300127245,0.17170326935440566,ERROR timeout,1,0.9956111416004366,1.3,no_op,0
922,24.424960444093756,0.1704435942637758,ERROR timeout,1,0.9955701981439484,1.3,no_op,0
923,29.85641633819614,0.18293774155341494,ERROR timeout,1,0.9956530042595508,1.3,no_op,0
924,25.58304208373258,0.15781340883512504,ERROR timeout,1,0.9955617050118333,1.3,no_op,0
925,29.5204310024344,0.15931364272912002,ERROR timeout,1,0.9956091366968418,1.3,no_op,0
926,30.595415719008297,0.15891267615997443,ERROR timeout,1,0.9956206203425348,1.3,no_op,0
927,30.48062861544516,0.16750560417398072,ERROR timeout,1,0.9956339157608356,1.3,no_op,0
928,30.087729287455907,0.16372085812554313,ERROR timeout,1,0.9956230579988098,1.3,no_op,0
929,32.27415373891842,0.18819039864744216,ERROR timeout,1,0.9956888496222025,1.3,no_op,0
930,32.787767703636675,0.18790619310765236,ERROR timeout,1,0.9956940859629648,1.3,no_op,0
931,34.06891300743938,0.1615026355128451,ERROR timeout,1,0.9956640697257889,1.3,no_op,0
932,34.306137131332456,0.162928568840027,ERROR timeout,1,0.995669122616116,1.3,no_op,0
933,37.973597476887946,0.16403784113767506,ERROR timeout,1,0.9957117739583189,1.3,no_op,0
934,35.036770016266324,0.16976627677253958,ERROR timeout,1,0.9956887453750315,1.3,no_op,0
935,35.99869852378395,0.1653679672177836,ERROR timeout,1,0.9956920845257904,1.3,no_op,0
936,40.19445371280631,0.18215689250269873,ERROR timeout,1,0.9957661838156574,1.3,no_op,0
937,32.27559971992646,0.17684135349201105,ERROR timeout,1,0.9956698234199834,1.3,no_op,0
938,35.81114566439281,0.17820275218212345,ERROR timeout,1,0.9957114276800181,1.3,no_op,0
939,38.893732010069726,0.1518709757550055,ERROR timeout,1,0.9957016849420076,1.3,no_op,0
940,41.52368432896013,0.17494686886549526,ERROR timeout,1,0.9957688545823639,1.3,no_op,0
941,37.41625743593739,0.1604026777696205,ERROR timeout,1,0.9956995337555392,1.3,no_op,0
942,34.73721982394766,0.17718395142638518,ERROR timeout,1,0.9956978214702995,1.3,no_op,0
943,41.249225363865555,0.15901984359421395,ERROR timeout,1,0.9957395842330762,1.3,no_op,0
944,37.60192047067877,0.17489417296320886,ERROR timeout,1,0.9957257168163907,1.3,no_op,0
945,39.02462249569803,0.17009059726412365,ERROR timeout,1,0.9957334327463176,1.3,no_op,0
946,44.789719353433824,0.17466486925047447,ERROR timeout,1,0.9958039174970357,1.3,no_op,0
947,40.66874006400603,0.1759495563771144,ERROR timeout,1,0.9957611575621967,1.3,no_op,0
948,40.976659241642665,0.1938624330063162,ERROR timeout,1,0.9957938892206794,1.3,no_op,0
949,43.18843962312688,0.17668166058592832,ERROR timeout,1,0.995789835868617,1.3,no_op,0
950,41.6737321031718,0.16139051509017505,ERROR timeout,1,0.9957481665122271,1.3,no_op,0
951,42.4263221245501,0.17110829813142608,ERROR timeout,1,0.9957724039558967,1.3,no_op,0
952,41.05699896565197,0.17136341525674098,ERROR timeout,1,0.9957578546416257,1.3,no_op,0
953,48.14913681968882,0.17521949207529508,ERROR timeout,1,0.9958410457610768,1.3,no_op,0
954,43.847153349930394,0.18512373224817824,ERROR timeout,1,0.9958107470338212,1.3,no_op,0
955,46.15306547612878,0.16717926263476438,ERROR timeout,1,0.9958064850271932,1.3,no_op,0
956,43.67217329562041,0.168944077043657,ERROR timeout,1,0.9957824345438885,1.3,no_op,0
957,48.94893288400423,0.18117906727216088,ERROR timeout,1,0.9958592198690014,1.3,no_op,0
958,52.461418014665114,0.16141987884227593,ERROR timeout,1,0.9958649844277031,1.3,no_op,0
959,48.99621219795509,0.17925437444536207,ERROR timeout,1,0.9958566289504376,1.3,no_op,0
960,46.322442142842995,0.17076693065276127,ERROR timeout,1,0.9958141548727827,1.3,no_op,0
961,47.11887963729449,0.17202056387220938,ERROR timeout,1,0.9958247854839782,1.3,no_op,0
962,46.39213669671317,0.1752342667301843,ERROR timeout,1,0.9958221630839865,1.3,no_op,0
963,49.31051345206207,0.17088196579497045,ERROR timeout,1,0.9958465046725613,1.3,no_op,0
964,53.151668656773474,0.17862686821342896,ERROR timeout,1,0.9958998415934047,1.3,no_op,0
965,55.47860757903747,0.17924640730157407,ERROR timeout,1,0.9959253801167689,1.3,no_op,0
966,51.91442631464186,0.16822992062716788,ERROR timeout,1,0.9958700797200999,1.3,no_op,0
967,54.31501452891088,0.18040536113528735,ERROR timeout,1,0.9959149605820306,1.3,no_op,0
968,51.049531599418316,0.17851592588616497,ERROR timeout,1,0.9958773519221709,1.3,no_op,0
969,48.15892215387636,0.16489899875730257,ERROR timeout,1,0.9958244467515597,1.3,no_op,0
970,49.572224830993584,0.16556160864908157,ERROR timeout,1,0.9958407238688998,1.3,no_op,0
971,58.4541933379558,0.16515778653767837,ERROR timeout,1,0.9959343739365752,1.3,no_op,0
972,55.14155243893646,0.17683112362749695,ERROR timeout,1,0.9959180050456222,1.3,no_op,0
973,57.91695996407616,0.17357729162193705,ERROR timeout,1,0.9959420241395883,1.3,no_op,0
974,50.312640675892155,0.17668772300253852,ERROR timeout,1,0.9958665675621678,1.3,no_op,0
975,52.64788609831323,0.17908086042990073,ERROR timeout,1,0.9958952293445782,1.3,no_op,0
976,57.60554212377044,0.17463752219360995,ERROR timeout,1,0.9959404323751802,1.3,no_op,0
977,56.12256138533438,0.1748418114132962,ERROR timeout,1,0.9959251830195028,1.3,no_op,0
978,56.71387159055565,0.1592794017768258,ERROR timeout,1,0.9959067300138047,1.3,no_op,0
979,59.54028407932118,0.15287635702291674,ERROR timeout,1,0.9959263708917028,1.3,no_op,0
980,55.920361963562854,0.16722852495648147,ERROR timeout,1,0.9959109809413582,1.3,no_op,0
981,51.82749867807718,0.16333546475387536,ERROR timeout,1,0.9958612923394875,1.3,no_op,0
982,54.65304223906641,0.15964687033258113,ERROR timeout,1,0.9958854815018472,1.3,no_op,0
983,53.89564771692174,0.1724516514575304,ERROR timeout,1,0.9958978817054165,1.3,no_op,0
984,50.8845935434831,0.16575483210677885,ERROR timeout,1,0.9958551025066084,1.3,no_op,0
985,57.6352348492258,0.17581325251059318,ERROR timeout,1,0.9959425970193131,1.3,no_op,0
986,55.75694976652159,0.16268932265361702,ERROR timeout,1,0.9959020365319333,1.3,no_op,0
987,56.92108335642696,0.16892620383749124,ERROR timeout,1,0.9959242202552016,1.3,no_op,0
988,53.07692701754785,0.1799954802512842,ERROR timeout,1,0.9959012298523853,1.3,no_op,0
989,58.429960899714715,0.18835811817106374,ERROR timeout,1,0.9959705969301841,1.3,no_op,0
990,54.138641523336204,0.17330600397021528,ERROR timeout,1,0.9959018145100305,1.3,no_op,0
991,49.621044888729806,0.16661408601256972,ERROR timeout,1,0.995842947718764,1.3,no_op,0
992,51.04079569985986,0.1740718569426525,ERROR timeout,1,0.9958701363615869,1.3,no_op,0
993,48.667946542308556,0.1576622250400772,ERROR timeout,1,0.9958181925833662,1.3,no_op,0
994,51.46842960758334,0.17411024135149686,ERROR timeout,1,0.9958747546590067,1.3,no_op,0
995,51.00507582410056,0.18957310266692146,ERROR timeout,1,0.995894548848774,1.3,no_op,0
996,49.416859889872015,0.15143727985795014,ERROR timeout,1,0.9958161663162378,1.3,no_op,0
997,54.826663407228885,0.15045454314367424,ERROR timeout,1,0.9958726149564243,1.3,no_op,0
998,48.56774887119946,0.16953188536548933,ERROR timeout,1,0.9958363500859536,1.3,no_op,0
999,50.74358635640832,0.17211214762090302,ERROR timeout,1,0.9958638192436969,1.3,no_op,0
1000,51.21888244215462,0.17655621901771307,ERROR timeout,1,0.9958760160456368,1.3,no_op,0
1001,48.74475224725497,0.18769879489358132,ERROR timeout,1,0.9958675147314966,1.3,no_op,0
1002,47.65869384971518,0.16229439573095256,ERROR timeout,1,0.9958148196261383,1.3,no_op,0
1003,47.86748507694642,0.15558896503946332,ERROR timeout,1,0.9958061668802183,1.3,no_op,0
1004,45.002378476917,0.15605253064630836,ERROR timeout,1,0.9957757949329437,1.3,no_op,0
1005,51.15221378757679,0.162402271103595,ERROR timeout,1,0.9958525680425904,1.3,no_op,0
1006,51.14963583767591,0.16955285762356703,ERROR timeout,1,0.9958640434083379,1.3,no_op,0
1007,51.68958807248711,0.17696188184784334,ERROR timeout,1,0.9958816733772156,1.3,no_op,0
1008,42.56620890558201,0.16261503151063292,ERROR timeout,1,0.995759967308499,1.3,no_op,0
1009,50.405140617596814,0.17015584661512664,ERROR timeout,1,0.9958570569744104,1.3,no_op,0
1010,46.39946753655028,0.15860796410065545,ERROR timeout,1,0.9957951770655544,1.3,no_op,0
1011,41.757482518932406,0.18465716632755208,ERROR timeout,1,0.9957873244835792,1.3,no_op,0
1012,45.74231241344251,0.17697556639330234,ERROR timeout,1,0.9958179781526533,1.3,no_op,0
1013,41.825842769766446,0.18487973224724844,ERROR timeout,1,0.9957884318722772,1.3,no_op,0
1014,41.600014025528175,0.15316377895135605,ERROR timeout,1,0.9957337486178828,1.3,no_op,0
1015,43.94389721299855,0.15281128177815326,ERROR timeout,1,0.995758901953942,1.3,no_op,0
1016,47.66251404394592,0.17061584417246123,ERROR timeout,1,0.995828365452113,1.3,no_op,0
1017,38.932272640696596,0.17401328536181862,ERROR timeout,1,0.9957389119372564,1.3,no_op,0
1018,43.41611832113058,0.17592930292084738,ERROR timeout,1,0.9957910799043859,1.3,no_op,0
1019,40.34075909360927,0.18719840683019282,ERROR timeout,1,0.9957760610417574,1.3,no_op,0
1020,41.325503313722464,0.1799624912810891,ERROR timeout,1,0.9957749276998649,1.3,no_op,0
1021,43.687363321651546,0.18655234303916535,ERROR timeout,1,0.9958113434068793,1.3,no_op,0
1022,40.81889424906123,0.17555039778408296,ERROR timeout,1,0.9957621432975123,1.3,no_op,0
1023,37.40593935383965,0.17373515480431195,ERROR timeout,1,0.9957216287169309,1.3,no_op,0
1024,42.39444747518773,0.18544875836108993,ERROR timeout,1,0.9957955383616388,1.3,no_op,0
1025,38.48800720475528,0.16308151577938015,ERROR timeout,1,0.9957158732753015,1.3,no_op,0
1026,33.99475795285329,0.16478859446001312,ERROR timeout,1,0.9956687701398251,1.3,no_op,0
1027,36.555285814813026,0.18092260916585706,ERROR timeout,1,0.9957241759934671,1.3,no_op,0
1028,37.65469608542539,0.1718853112061128,ERROR timeout,1,0.9957213022630198,1.3,no_op,0
1029,34.88759912618298,0.18347155649353866,ERROR timeout,1,0.9957099791572077,1.3,no_op,0
1030,32.07883907894125,0.1706896991189706,ERROR timeout,1,0.9956572618280389,1.3,no_op,0
1031,37.17823731318016,0.17510161793658297,ERROR timeout,1,0.9957213845168666,1.3,no_op,0
1032,29.442809510320913,0.1842578845859736,ERROR timeout,1,0.9956505914964378,1.3,no_op,0
1033,35.81561408745399,0.1634275463358769,ERROR timeout,1,0.9956867992862218,1.3,no_op,0
1034,31.269499673925793,0.15455737450286777,ERROR timeout,1,0.9956208329584472,1.3,no_op,0
1035,27.81321016257237,0.17872113109655946,ERROR timeout,1,0.9956228584176589,1.3,no_op,0
1036,35.805754097941225,0.15675592018972676,ERROR timeout,1,0.9956754998543428,1.3,no_op,0
1037,29.292232532516422,0.1798715017638791,ERROR timeout,1,0.9956414830551029,1.3,no_op,0
1038,34.60652235387607,0.16473875117995135,ERROR timeout,1,0.9956755201446453,1.3,no_op,0
1039,25.179431773266746,0.16374977041443092,ERROR timeout,1,0.9955673088621692,1.3,no_op,0
1040,29.183238182792007,0.17790793294178855,ERROR timeout,1,0.9956369311948056,1.3,no_op,0
1041,30.42669089543842,0.17684043725518706,ERROR timeout,1,0.9956491082478187,1.3,no_op,0
1042,28.70162691207666,0.18627330418145832,ERROR timeout,1,0.9956456722562732,1.3,no_op,0
1043,28.06531881555894,0.17838207698466432,ERROR timeout,1,0.995625129670128,1.3,no_op,0
1044,25.272580516299705,0.17281961928667527,ERROR timeout,1,0.9955839542514691,1.3,no_op,0
1045,27.444760808346597,0.16030748595687727,ERROR timeout,1,0.9955872545548924,1.3,no_op,0
1046,32.095257648260144,0.16796043932799187,ERROR timeout,1,0.9956528409521078,1.3,no_op,0
1047,27.358263745579343,0.175058143126485,ERROR timeout,1,0.9956114780206674,1.3,no_op,0
1048,26.809993278542997,0.17127989613725628,ERROR timeout,1,0.9955988112930301,1.3,no_op,0
1049,31.067838861632183,0.17745173966626793,ERROR timeout,1,0.9956573332998208,1.3,no_op,0
1050,27.605731813372945,0.17597188780209994,ERROR timeout,1,0.9956158359403399,1.3,no_op,0
1051,24.941644228436505,0.1618742558328358,ERROR timeout,1,0.9955613564775926,1.3,no_op,0
1052,22.623038843329205,0.17694609607468448,ERROR timeout,1,0.9955607723870559,1.3,no_op,0
1053,28.096933239466487,0.1779278260522982,ERROR timeout,1,0.9956247149225449,1.3,no_op,0
1054,24.989637768239874,0.17848545034997593,ERROR timeout,1,0.9955904402752327,1.3,no_op,0
1055,26.790964929181193,0.15654706226334522,ERROR timeout,1,0.9955733434387335,1.3,no_op,0
1056,22.041308565357955,0.1644674183584256,ERROR timeout,1,0.9955325086907935,1.3,no_op,0
1057,21.790394464517416,0.1512939282783219,ERROR timeout,1,0.9955066904880588,1.3,no_op,0
1058,28.51765142588493,0.1798322964040308,ERROR timeout,1,0.9956326943192578,1.3,no_op,0
1059,20.81217462214137,0.182452488722248,ERROR timeout,1,0.9955495029707019,1.3,no_op,0
1060,27.859911581286784,0.15191255568870976,ERROR timeout,1,0.9955775875062912,1.3,no_op,0
1061,28.59134935376781,0.1665803490240329,ERROR timeout,1,0.995610997375257,1.3,no_op,0
1062,26.849144186034884,0.1681925067675971,ERROR timeout,1,0.9955939769743096,1.3,no_op,0
1063,25.958137814998828,0.17993860607704373,ERROR timeout,1,0.9956039299261638,1.3,no_op,0
1064,25.41293484980552,0.16767764071338986,ERROR timeout,1,0.9955767307746904,1.3,no_op,0
1065,22.72375989054724,0.17130122285507582,ERROR timeout,1,0.9955521878939073,1.3,no_op,0
1066,25.63344759138714,0.16419744171100678,ERROR timeout,1,0.9955732693334549,1.3,no_op,0
1067,25.14021912394263,0.1658522006640622,ERROR timeout,1,0.9955704778299418,1.3,no_op,0
1068,22.868021586142245,0.18041618893377856,ERROR timeout,1,0.9955695519144453,1.3,no_op,0
1069,22.93908148444154,0.1569956463924206,ERROR timeout,1,0.9955298978404867,1.3,no_op,0
1070,30.265534373835216,0.1724024287665268,ERROR timeout,1,0.9956397902481259,1.3,no_op,0
1071,24.12832553774267,0.18774942877471157,ERROR timeout,1,0.9955964961765821,1.3,no_op,0
1072,28.727588691200467,0.18973367655341894,ERROR timeout,1,0.9956518108556273,1.3,no_op,0
1073,22.22759746014625,0.16941594190303802,ERROR timeout,1,0.9955432276001529,1.3,no_op,0
1074,29.643862040928727,0.1845169082901518,ERROR timeout,1,0.9956532851692853,1.3,no_op,0
1075,30.13540269625134,0.1555205933819908,ERROR timeout,1,0.9956096386070421,1.3,no_op,0
1076,28.078189852924456,0.1581270664702683,ERROR timeout,1,0.9955907310390057,1.3,no_op,0
1077,28.53395039955537,0.17193132110277004,ERROR timeout,1,0.9956194587264827,1.3,no_op,0
1078,28.510230227875315,0.17098459176671782,ERROR timeout,1,0.9956175797278854,1.3,no_op,0
1079,29.870017945314153,0.17516785245281072,ERROR timeout,1,0.9956400215387892,1.3,no_op,0
1080,30.631027064106558,0.1846995268300798,ERROR timeout,1,0.9956646536646154,1.3,no_op,0
1081,33.53793845521453,0.1750162578706534,ERROR timeout,1,0.9956808490260641,1.3,no_op,0
1082,30.148533988980464,0.1561944421047856,ERROR timeout,1,0.9956109360066708,1.3,no_op,0
1083,31.18193751083348,0.16100514318529227,ERROR timeout,1,0.9956307964278531,1.3,no_op,0
1084,27.361067472121192,0.1590762942171569,ERROR timeout,1,0.995584190709238,1.3,no_op,0
1085,27.167448650304287,0.15555624374477509,ERROR timeout,1,0.9955759407333666,1.3,no_op,0
1086,34.68026496328973,0.1825865521818159,ERROR timeout,1,0.9957062071726288,1.3,no_op,0
1087,32.69619632237669,0.18174732971182983,ERROR timeout,1,0.9956827546780169,1.3,no_op,0
1088,31.534646320110465,0.1716593066721707,ERROR timeout,1,0.9956527949308687,1.3,no_op,0
1089,29.152050749220365,0.15520620217225317,ERROR timeout,1,0.9955979445641224,1.3,no_op,0
1090,34.21781966020323,0.17727360121478203,ERROR timeout,1,0.9956921998590947,1.3,no_op,0
1091,33.69873689790061,0.19132548629507667,ERROR timeout,1,0.9957098993575049,1.3,no_op,0
1092,31.63061146379924,0.1639508677203846,ERROR timeout,1,0.9956408424053141,1.3,no_op,0
1093,40.053733083662976,0.17409180289892515,ERROR timeout,1,0.9957513586866779,1.3,no_op,0
1094,37.292558840876154,0.17087447801600072,ERROR timeout,1,0.9957156193120169,1.3,no_op,0
1095,36.18627905907864,0.16150777408901745,ERROR timeout,1,0.99568771016994,1.3,no_op,0
1096,35.93357324730961,0.1796430974485224,ERROR timeout,1,0.9957151801311849,1.3,no_op,0
1097,42.42917919163734,0.17884736797587955,ERROR timeout,1,0.9957851227757085,1.3,no_op,0
1098,37.74225110446805,0.17828317584378683,ERROR timeout,1,0.995732884650857,1.3,no_op,0
1099,38.349516220348235,0.16192269984185503,ERROR timeout,1,0.9957124124352857,1.3,no_op,0
1100,44.21020474845319,0.1763111168143979,ERROR timeout,1,0.9958003216092679,1.3,no_op,0
1101,36.725315300143,0.1714004799404778,ERROR timeout,1,0.995710218040398,1.3,no_op,0
1102,40.50643881991199,0.16764437635864823,ERROR timeout,1,0.9957456812815405,1.3,no_op,0
1103,38.78336778706062,0.17103103942680892,ERROR timeout,1,0.9957323339248637,1.3,no_op,0
1104,47.45801472633116,0.1766931981358109,ERROR timeout,1,0.9958360030508536,1.3,no_op,0
1105,45.78471999210389,0.16366399828605352,ERROR timeout,1,0.995796761003507,1.3,no_op,0
1106,46.57519535658071,0.15994749195516142,ERROR timeout,1,0.9957992700629649,1.3,no_op,0
1107,43.936189239426014,0.17627987686658772,ERROR timeout,1,0.9957972989250397,1.3,no_op,0
1108,49.77713683792223,0.1755471865805501,ERROR timeout,1,0.9958590153100478,1.3,no_op,0
1109,41.16081314827528,0.17468819437934366,ERROR timeout,1,0.9957644639489502,1.3,no_op,0
1110,43.52785874127838,0.1800249419445825,ERROR timeout,1,0.9957989815825201,1.3,no_op,0
1111,49.48544236740114,0.15841969587915422,ERROR timeout,1,0.9958282358762112,1.3,no_op,0
1112,51.839339815609094,0.17105490940683307,ERROR timeout,1,0.9958738090929277,1.3,no_op,0
1113,47.254913779706044,0.17824444720253926,ERROR timeout,1,0.9958363286473952,1.3,no_op,0
1114,50.3433053302669,0.1682177334723025,ERROR timeout,1,0.9958532751875585,1.3,no_op,0
1115,45.16391433707179,0.16011776491571078,ERROR timeout,1,0.99578421733288,1.3,no_op,0
1116,52.01353803502654,0.16709246240660156,ERROR timeout,1,0.9958693117463381,1.3,no_op,0
1117,52.75986909879806,0.1894589274622167,ERROR timeout,1,0.9959129246201506,1.3,no_op,0
1118,48.11602932478898,0.16782097801439355,ERROR timeout,1,0.9958287209912858,1.3,no_op,0
1119,48.94268263459725,0.15883256080690172,ERROR timeout,1,0.9958230564436445,1.3,no_op,0
1120,49.845185925183344,0.17749968353672796,ERROR timeout,1,0.9958628813634989,1.3,no_op,0
1121,53.10963801709702,0.16723648601329927,ERROR timeout,1,0.9958812143075181,1.3,no_op,0
1122,54.83067764711597,0.17670460924590195,ERROR timeout,1,0.9959145267825276,1.3,no_op,0
1123,49.62498591853291,0.16146146498762937,ERROR timeout,1,0.9958346623239762,1.3,no_op,0
1124,56.2600592974073,0.17717687241194602,ERROR timeout,1,0.995930322225897,1.3,no_op,0
1125,53.356263007517626,0.1573463594120076,ERROR timeout,1,0.9958679933190867,1.3,no_op,0
1126,57.5970574427548,0.17078021257098633,ERROR timeout,1,0.995934256175217,1.3,no_op,0
1127,53.68284788437471,0.15300848803201575,ERROR timeout,1,0.9958645136551069,1.3,no_op,0
1128,55.8056129909251,0.17058999841931202,ERROR timeout,1,0.9959151065107712,1.3,no_op,0
1129,52.65087477323856,0.15943269430048118,ERROR timeout,1,0.995863815109585,1.3,no_op,0
1130,54.11201441480648,0.16236818909152897,ERROR timeout,1,0.9958840834398447,1.3,no_op,0
1131,59.16260234209851,0.17592350517727418,ERROR timeout,1,0.9959587384832778,1.3,no_op,0
1132,57.19266618651487,0.16412795450055293,ERROR timeout,1,0.9959194788169492,1.3,no_op,0
1133,52.83335484370701,0.1631693699280347,ERROR timeout,1,0.9958717591301923,1.3,no_op,0
1134,55.46336062025311,0.18055387678764134,ERROR timeout,1,0.9959272886430274,1.3,no_op,0
1135,50.500957529957496,0.17390586320953544,ERROR timeout,1,0.9958641101324478,1.3,no_op,0
1136,59.52965212614259,0.18601502981092466,ERROR timeout,1,0.9959783625035009,1.3,no_op,0
1137,52.241830749570745,0.18575929141476963,ERROR timeout,1,0.9959015694349739,1.3,no_op,0
1138,57.46573528077168,0.16998954108557893,ERROR timeout,1,0.9959316281629147,1.3,no_op,0
1139,52.57726403484558,0.176345076537199,ERROR timeout,1,0.99589011587996,1.3,no_op,0
1140,56.5469887268373,0.17094098171540278,ERROR timeout,1,0.9959234734687032,1.3,no_op,0
1141,56.652519859836616,0.17608127665002904,ERROR timeout,1,0.995932713155917,1.3,no_op,0
1142,50.63236730682719,0.16780513508427133,ERROR timeout,1,0.9958557043594489,1.3,no_op,0
1143,58.01930412483853,0.16550728705772264,ERROR timeout,1,0.995930359084199,1.3,no_op,0
1144,54.116536010326094,0.18146760108013843,ERROR timeout,1,0.995914552834428,1.3,no_op,0
1145,51.2299319748384,0.14819123144431287,ERROR timeout,1,0.9958304492150211,1.3,no_op,0
1146,54.84911321640105,0.18048994097143162,ERROR timeout,1,0.9959207235784895,1.3,no_op,0
1147,56.58090894407871,0.15486805535861659,ERROR timeout,1,0.9958983025161926,1.3,no_op,0
1148,56.12078397591775,0.16928072665913482,ERROR timeout,1,0.9959163527157487,1.3,no_op,0
1149,50.69911610154752,0.16951221630036115,ERROR timeout,1,0.9958591648997887,1.3,no_op,0
1150,50.22542811170648,0.16892810965918684,ERROR timeout,1,0.9958531574495997,1.3,no_op,0
1151,52.737174208887524,0.16043796571334043,ERROR timeout,1,0.9958663508433272,1.3,no_op,0
1152,53.20793334580971,0.1622256316364316,ERROR timeout,1,0.995874237212188,1.3,no_op,0
1153,53.039828577008095,0.16765895183737056,ERROR timeout,1,0.9958811478735854,1.3,no_op,0
1154,57.320079189779094,0.16687611438843156,ERROR timeout,1,0.9959251729845872,1.3,no_op,0
1155,48.34000304361656,0.17725785970993083,ERROR timeout,1,0.9958463842459577,1.3,no_op,0
1156,48.04633448784661,0.1730100648263167,ERROR timeout,1,0.9958363704214417,1.3,no_op,0
1157,49.91041277670166,0.17012929122637432,ERROR timeout,1,0.995851719553257,1.3,no_op,0
1158,53.725717582304966,0.1823248637181469,ERROR timeout,1,0.9959117901520637,1.3,no_op,0
1159,54.602899685792494,0.17404946675241012,ERROR timeout,1,0.9959079054361556,1.3,no_op,0
1160,47.36615984519362,0.1709616014916209,ERROR timeout,1,0.9958257333797695,1.3,no_op,0
1161,49.08222665098306,0.17114614311548051,ERROR timeout,1,0.9958444825711389,1.3,no_op,0
1162,48.96136047469338,0.1547095330176493,ERROR timeout,1,0.9958165640173148,1.3,no_op,0
1163,47.5336490282431,0.1675069474643354,ERROR timeout,1,0.9958219355739809,1.3,no_op,0
1164,44.51994013136786,0.1546321718671158,ERROR timeout,1,0.9957681973149304,1.3,no_op,0
1165,46.28917076555204,0.17389114998083383,ERROR timeout,1,0.9958188718967551,1.3,no_op,0
1166,46.17084224790055,0.17698083809094806,ERROR timeout,1,0.9958226104694919,1.3,no_op,0
1167,50.79385002986649,0.17091955499542158,ERROR timeout,1,0.9958624397814031,1.3,no_op,0
1168,50.22453016405222,0.1874578156708651,ERROR timeout,1,0.995882886294706,1.3,no_op,0
1169,41.00261247561946,0.16370297381022914,ERROR timeout,1,0.9957446178388832,1.3,no_op,0
1170,44.34607378831626,0.18782418972506576,ERROR timeout,1,0.9958205249785049,1.3,no_op,0
1171,40.68890914191792,0.17136958283221793,ERROR timeout,1,0.9957538322040833,1.3,no_op,0
1172,45.68196949848617,0.16747562948197875,ERROR timeout,1,0.9958018654284416,1.3,no_op,0
1173,44.367593407507066,0.1731604471803804,ERROR timeout,1,0.9957968874399841,1.3,no_op,0
1174,38.799091801296015,0.17983577443162924,ERROR timeout,1,0.9957470746056063,1.3,no_op,0
1175,37.25158705194298,0.17481187782518298,ERROR timeout,1,0.9957217131439672,1.3,no_op,0
1176,38.331510589578826,0.15953379222792113,ERROR timeout,1,0.9957082333858636,1.3,no_op,0
1177,39.253386899128486,0.13900577704339537,ERROR timeout,1,0.9956841646296414,1.3,no_op,0
1178,35.325380473214324,0.17477554801435008,ERROR timeout,1,0.9957003282370398,1.3,no_op,0
1179,41.42892046723125,0.1528704143189186,ERROR timeout,1,0.9957313777734965,1.3,no_op,0
1180,34.02699106076141,0.18054360640006722,ERROR timeout,1,0.995695547147356,1.3,no_op,0
1181,36.301938530240164,0.16908530677250058,ERROR timeout,1,0.995701664671832,1.3,no_op,0
1182,35.351975140441084,0.176174770221094,ERROR timeout,1,0.9957029589602671,1.3,no_op,0
1183,33.04258987874016,0.16653665712756135,ERROR timeout,1,0.995661058950068,1.3,no_op,0
1184,33.471489770707,0.16650852035211142,ERROR timeout,1,0.995665812235649,1.3,no_op,0
1185,34.68279977274453,0.172819101451428,ERROR timeout,1,0.9956899174302837,1.3,no_op,0
1186,33.19356908345618,0.16394635264877952,ERROR timeout,1,0.9956583844286631,1.3,no_op,0
1187,35.48221600975339,0.17074783611978273,ERROR timeout,1,0.9956953406130845,1.3,no_op,0
1188,30.92356709598421,0.17996152890169584,ERROR timeout,1,0.9956599479040462,1.3,no_op,0
1189,34.47042722635142,0.17820785735923428,ERROR timeout,1,0.9956965693351116,1.3,no_op,0
1190,29.737664577785576,0.16120837809876118,ERROR timeout,1,0.9956148253950483,1.3,no_op,0
1191,29.900275572624672,0.16478316136724375,ERROR timeout,1,0.9956227459056236,1.3,no_op,0
1192,33.038766584176585,0.17726211540717074,ERROR timeout,1,0.9956790507397635,1.3,no_op,0
1193,35.27755704490553,0.17047249844607607,ERROR timeout,1,0.9956926055042845,1.3,no_op,0
1194,30.312921780214744,0.19186003440552374,ERROR timeout,1,0.99567314096855,1.3,no_op,0
1195,29.80560631996788,0.17153411787531717,ERROR timeout,1,0.9956331390892212,1.3,no_op,0
1196,27.70770095780423,0.1659592331428555,ERROR timeout,1,0.9955999151656334,1.3,no_op,0
1197,31.856853704492778,0.1681266998576549,ERROR timeout,1,0.9956504460221789,1.3,no_op,0
1198,33.75283748977223,0.1953473271118812,ERROR timeout,1,0.9957171929100512,1.3,no_op,0
1199,27.011415351021665,0.1439913121569769,ERROR timeout,1,0.9968357227911292,1.3,no_op,0
