t,cpu,err,log,source,y,p,trust,action,drift
0,43.415611254075394,0.03198862959976691,INFO ok,trusted,0,0.1,1.0,no_op,0
1,43.20428668113503,0.023593997294739943,INFO ok,trusted,0,0.1,1.0,no_op,0
2,37.87396134099152,0.025366805827605275,INFO ok,trusted,0,0.1,1.0,no_op,0
3,38.20066261422763,0.011476410421861632,INFO ok,trusted,0,0.1,1.0,no_op,0
4,37.752696723291905,0.016349731576400413,INFO ok,trusted,0,0.1,1.0,no_op,0
5,40.572369903210095,0.015989079632806234,INFO ok,trusted,0,0.1,1.0,no_op,0
6,42.31782692744723,0.010037125012848569,INFO ok,trusted,0,0.1,1.0,no_op,0
7,45.05738041540866,0.02582453499401146,INFO ok,trusted,0,0.1,1.0,no_op,0
8,48.04447047584891,0.02012896870866128,INFO ok,trusted,0,0.1,1.0,no_op,0
9,48.60311852467103,0.029123871394365966,INFO ok,trusted,0,0.1,1.0,no_op,0
10,41.35571525374158,0.01914393535252653,INFO ok,trusted,0,0.1,1.0,no_op,0
11,44.39956326847612,0.017431826282032364,INFO ok,trusted,0,0.1,1.0,no_op,0
12,42.69284182212043,0.02162854569559532,INFO ok,trusted,0,0.1,1.0,no_op,0
13,44.55715238116487,0.03823163276379837,INFO ok,trusted,0,0.1,1.0,no_op,0
14,52.96591658997247,0.024452404235891945,INFO ok,trusted,0,0.1,1.0,no_op,0
15,49.22443833964884,0.008257229436741922,INFO ok,trusted,0,0.1,1.0,no_op,0
16,45.23511528212854,0.036863299512935724,INFO ok,trusted,0,0.1,1.0,no_op,0
17,54.19434666534317,0.025817892392775096,INFO ok,trusted,0,0.1,1.0,no_op,0
18,52.847535251437094,0.028073496545562113,INFO ok,trusted,0,0.1,1.0,no_op,0
19,46.37855345708316,0.024664458118822202,INFO ok,trusted,0,0.1,1.0,no_op,0
20,55.02027089267917,0.006868154716044508,INFO ok,trusted,0,0.1,1.0,no_op,0
21,49.66717348701605,0.01567864068416338,INFO ok,trusted,0,0.1,1.0,no_op,0
22,53.66243745339882,0.024411553436980274,INFO ok,trusted,0,0.1,1.0,no_op,0
23,49.114599512021066,0.010881003850263114,INFO ok,trusted,0,0.1,1.0,no_op,0
24,57.26672271701479,0.015873840695611492,INFO ok,trusted,0,0.1,1.0,no_op,0
25,57.14691879885323,0.0,INFO ok,trusted,0,0.1,1.0,no_op,0
26,57.36901115855261,0.016554549456234375,INFO ok,trusted,0,0.1,1.0,no_op,0
27,48.85112792775167,0.018716878834630354,INFO ok,trusted,0,0.1,1.0,no_op,0
28,48.969066874429046,0.015950797396772853,INFO ok,trusted,0,0.1,1.0,no_op,0
29,52.09562614738151,0.02051918661358749,INFO ok,trusted,0,0.1,1.0,no_op,0
30,52.55698659387256,0.01783932724984712,INFO ok,trusted,0,0.1,1.0,no_op,0
31,58.91164325741214,0.029702811510330447,INFO ok,trusted,0,0.1,1.0,no_op,0
32,54.88074327048017,0.02921528767896977,INFO ok,trusted,0,0.1,1.0,no_op,0
33,54.342123823221435,0.027361341527985788,INFO ok,trusted,0,0.1,1.0,no_op,0
34,49.932805419046446,0.013291981699525465,INFO ok,trusted,0,0.1,1.0,no_op,0
35,53.35301291438887,0.024427051283802067,INFO ok,trusted,0,0.1,1.0,no_op,0
36,56.287402233456035,0.02255860190417512,INFO ok,trusted,0,0.1,1.0,no_op,0
37,59.57688274666438,0.02391232996413421,INFO ok,trusted,0,0.1,1.0,no_op,0
38,57.04205231669816,0.01211616556138209,INFO ok,trusted,0,0.1,1.0,no_op,0
39,52.68498846761901,0.04697463337076206,INFO ok,trusted,0,0.1,1.0,no_op,0
40,53.04502519831438,0.02769646429545222,INFO ok,trusted,0,0.1,1.0,no_op,0
41,55.56907872968941,0.011112494598809598,INFO ok,trusted,0,0.1,1.0,no_op,0
42,58.696530029074886,0.00586156036024359,INFO ok,trusted,0,0.1,1.0,no_op,0
43,54.04069302020094,0.03469098111215917,INFO ok,trusted,0,0.1,1.0,no_op,0
44,56.51235241841426,0.027913723763422615,INFO ok,trusted,0,0.1,1.0,no_op,0
45,50.55805648586126,0.017962430160059252,INFO ok,trusted,0,0.1,1.0,no_op,0
46,55.805284347936094,0.026445725653193843,INFO ok,trusted,0,0.1,1.0,no_op,0
47,55.36606425331443,0.01402205531481774,INFO ok,trusted,0,0.1,1.0,no_op,0
48,52.86495559924806,0.027046201508541808,INFO ok,trusted,0,0.1,1.0,no_op,0
49,58.16340172836316,0.017184620151705625,INFO ok,trusted,0,0.1,1.0,no_op,0
50,55.17562020670075,0.0,INFO ok,trusted,0,0.1,1.0,no_op,0
51,57.218499485883825,0.023439346367050362,INFO ok,trusted,0,0.1,1.0,no_op,0
52,54.09170032620544,0.02445831487849697,INFO ok,trusted,0,0.1,1.0,no_op,0
53,55.333705098040554,0.025380625923407077,INFO ok,trusted,0,0.1,1.0,no_op,0
54,52.40296195429907,0.013522895463760409,INFO ok,trusted,0,0.1,1.0,no_op,0
55,49.574867335540205,0.006518185249816231,INFO ok,trusted,0,0.1,1.0,no_op,0
56,52.2126484781084,0.03197784699846375,INFO ok,trusted,0,0.1,1.0,no_op,0
57,51.05416446195534,0.021145773570221002,INFO ok,trusted,0,0.1,1.0,no_op,0
58,50.87683595221727,0.014448724388925832,INFO ok,trusted,0,0.1,1.0,no_op,0
59,51.95844047922479,0.026820681363942042,INFO ok,trusted,0,0.1,1.0,no_op,0
60,46.462100449402435,0.02189428954177408,INFO ok,trusted,0,0.1,1.0,no_op,0
61,52.24652382222497,0.021309218488866497,INFO ok,trusted,0,0.1,1.0,no_op,0
62,52.474667866932094,0.03129777876559561,INFO ok,trusted,0,0.1,1.0,no_op,0
63,47.822999763937354,0.027907678504256465,INFO ok,trusted,0,0.1,1.0,no_op,0
64,44.9764606895997,0.009987575660861758,INFO ok,trusted,0,0.1,1.0,no_op,0
65,45.2211723671001,0.02608848720776432,INFO ok,trusted,0,0.1,1.0,no_op,0
66,44.16918085391881,0.0029652471798135224,INFO ok,trusted,0,0.1,1.0,no_op,0
67,41.80076396277664,0.00983917118721126,INFO ok,trusted,0,0.1,1.0,no_op,0
68,43.64847013230897,0.02047472922881745,INFO ok,trusted,0,0.1,1.0,no_op,0
69,42.76280155876735,0.025093922452174573,INFO ok,trusted,0,0.1,1.0,no_op,0
70,41.26765504544069,0.02643277921485937,INFO ok,trusted,0,0.1,1.0,no_op,0
71,43.260196681465445,0.029948702771198144,INFO ok,trusted,0,0.1,1.0,no_op,0
72,48.310255182019944,0.004895157906096299,INFO ok,trusted,0,0.1,1.0,no_op,0
73,46.0946931268142,0.027272040071945804,INFO ok,trusted,0,0.1,1.0,no_op,0
74,45.10231154767063,0.007823983657216847,INFO ok,trusted,0,0.1,1.0,no_op,0
75,39.00818723453451,0.020849265246186622,INFO ok,trusted,0,0.1,1.0,no_op,0
76,37.92309531828364,0.022616616233160382,INFO ok,trusted,0,0.1,1.0,no_op,0
77,38.02859488398773,0.031198845791794584,INFO ok,trusted,0,0.1,1.0,no_op,0
78,37.15584387399547,0.017708060852584917,INFO ok,trusted,0,0.1,1.0,no_op,0
79,42.18031800554109,0.0276253316623297,INFO ok,trusted,0,0.1,1.0,no_op,0
80,38.526627454186915,0.029782217910494194,INFO ok,trusted,0,0.1,1.0,no_op,0
81,41.51728021865771,0.024260574004847796,INFO ok,trusted,0,0.1,1.0,no_op,0
82,35.42654771799491,0.015124728920747673,INFO ok,trusted,0,0.1,1.0,no_op,0
83,41.092400710314294,0.023512002395760245,INFO ok,trusted,0,0.1,1.0,no_op,0
84,39.790677196011615,0.02479016766333612,INFO ok,trusted,0,0.1,1.0,no_op,0
85,34.77589708534009,0.026785114803296005,INFO ok,trusted,0,0.1,1.0,no_op,0
86,38.337783641445505,0.015052404439571128,INFO ok,trusted,0,0.1,1.0,no_op,0
87,34.942564039395876,0.0113239796086709,INFO ok,trusted,0,0.1,1.0,no_op,0
88,32.57942560121195,0.03250316561780034,INFO ok,trusted,0,0.1,1.0,no_op,0
89,35.12779277200967,0.023717208356597488,INFO ok,trusted,0,0.1,1.0,no_op,0
90,37.387792177728684,0.02023820756355441,INFO ok,trusted,0,0.1,1.0,no_op,0
91,28.2629596860515,0.01001278357313826,INFO ok,trusted,0,0.1,1.0,no_op,0
92,30.287390164465997,0.009219485109054541,INFO ok,trusted,0,0.1,1.0,no_op,0
93,34.29206360049095,0.020662451731584056,INFO ok,trusted,0,0.1,1.0,no_op,0
94,28.86242565277238,0.004463309116346735,INFO ok,trusted,0,0.1,1.0,no_op,0
95,26.483991527985967,0.034906268403482765,INFO ok,trusted,0,0.1,1.0,no_op,0
96,26.20744210426338,0.02224929687782229,INFO ok,trusted,0,0.1,1.0,no_op,0
97,28.62199522276208,0.043285281765423345,INFO ok,trusted,0,0.1,1.0,no_op,0
98,25.35316630915702,0.031063790599074957,INFO ok,trusted,0,0.1,1.0,no_op,0
99,26.341000797950734,0.018344172764597582,INFO ok,trusted,0,0.1,1.0,no_op,0
100,28.462907080034004,0.00698844382230107,INFO ok,trusted,0,0.1,1.0,no_op,0
101,23.992669663235198,0.02481162175255398,INFO ok,trusted,0,0.1,1.0,no_op,0
102,27.343756110652414,0.003109740677199359,INFO ok,trusted,0,0.1,1.0,no_op,0
103,28.779693716272945,0.025815530557122945,INFO ok,trusted,0,0.1,1.0,no_op,0
104,22.321463942448233,0.011942909368281147,INFO ok,trusted,0,0.1,1.0,no_op,0
105,30.966348883323644,0.024460126079691908,INFO ok,trusted,0,0.1,1.0,no_op,0
106,28.433809330961154,0.024460389296779565,INFO ok,trusted,0,0.1,1.0,no_op,0
107,25.533901243512425,0.025663766566031698,INFO ok,trusted,0,0.1,1.0,no_op,0
108,21.661873533331214,0.0266608995801417,INFO ok,trusted,0,0.1,1.0,no_op,0
109,30.757202601309043,6.429725454960844e-05,INFO ok,trusted,0,0.1,1.0,no_op,0
110,25.020758415392883,0.02139266689156473,INFO ok,trusted,0,0.1,1.0,no_op,0
111,28.68354970814158,0.01618425382545434,INFO ok,trusted,0,0.1,1.0,no_op,0
112,28.954012111759504,0.02003736008050387,INFO ok,trusted,0,0.1,1.0,no_op,0
113,23.66102696499536,0.028918139704678415,INFO ok,trusted,0,0.1,1.0,no_op,0
114,21.265944098961857,0.029217611120124283,INFO ok,trusted,0,0.1,1.0,no_op,0
115,27.452095740887238,0.0035242124523973337,INFO ok,trusted,0,0.1,1.0,no_op,0
116,29.552452422236342,0.032810219575753995,INFO ok,trusted,0,0.1,1.0,no_op,0
117,23.087597473988765,0.0232673261422902,INFO ok,trusted,0,0.1,1.0,no_op,0
118,20.07069495955978,0.023364193452486217,INFO ok,trusted,0,0.1,1.0,no_op,0
119,24.742670748395938,0.023803808782022737,INFO ok,trusted,0,0.1,1.0,no_op,0
120,20.393505339076142,0.028882790122823007,INFO ok,trusted,0,0.1,1.0,no_op,0
121,27.11931531973454,0.0071292113124697305,INFO ok,trusted,0,0.1,1.0,no_op,0
122,23.95668403785293,0.0,INFO ok,trusted,0,0.1,1.0,no_op,0
123,26.494069931999896,0.024778591141742235,INFO ok,trusted,0,0.1,1.0,no_op,0
124,24.33484858794236,0.03161528909805233,INFO ok,trusted,0,0.1,1.0,no_op,0
125,27.364626036942536,0.010144066588877319,INFO ok,trusted,0,0.1,1.0,no_op,0
126,26.166884822270895,0.004940842451122685,INFO ok,trusted,0,0.1,1.0,no_op,0
127,21.20900282455607,0.02224259841775395,INFO ok,trusted,0,0.1,1.0,no_op,0
128,26.019564863033704,0.024075074489410143,INFO ok,trusted,0,0.1,1.0,no_op,0
129,22.869250239781987,0.02475030171815166,INFO ok,trusted,0,0.1,1.0,no_op,0
130,21.928210384796266,0.015044757318592544,INFO ok,trusted,0,0.1,1.0,no_op,0
131,26.755951232056802,0.03722897720655528,INFO ok,trusted,0,0.1,1.0,no_op,0
132,31.978691992449534,0.010004098851938018,INFO ok,trusted,0,0.1,1.0,no_op,0
133,30.271765270055685,0.02422383122547318,INFO ok,trusted,0,0.1,1.0,no_op,0
134,32.604696627028886,0.016080266748961226,INFO ok,trusted,0,0.1,1.0,no_op,0
135,30.190926580917008,0.025512084359503633,INFO ok,trusted,0,0.1,1.0,no_op,0
136,30.91826295746889,0.03520780762659943,INFO ok,trusted,0,0.1,1.0,no_op,0
137,27.613547313856206,0.03377417077974383,INFO ok,trusted,0,0.1,1.0,no_op,0
138,29.560887160017877,0.03548728231824423,INFO ok,trusted,0,0.1,1.0,no_op,0
139,33.18013759716422,0.012882676456896003,INFO ok,trusted,0,0.1,1.0,no_op,0
140,27.183029280182218,0.016479693995390222,INFO ok,trusted,0,0.1,1.0,no_op,0
141,35.89737833081831,0.030604894943824294,INFO ok,trusted,0,0.1,1.0,no_op,0
142,32.151133487447055,0.014513945733375552,INFO ok,trusted,0,0.1,1.0,no_op,0
143,29.096744642693935,0.009065661720725092,INFO ok,trusted,0,0.1,1.0,no_op,0
144,35.57527377732117,0.010345720840793177,INFO ok,trusted,0,0.1,1.0,no_op,0
145,32.29074599515128,0.016311816656465344,INFO ok,trusted,0,0.1,1.0,no_op,0
146,37.22052741261539,0.02020522262367654,INFO ok,trusted,0,0.1,1.0,no_op,0
147,33.00501886345564,0.0,INFO ok,trusted,0,0.1,1.0,no_op,0
148,34.5947950831891,0.020452214068281658,INFO ok,trusted,0,0.1,1.0,no_op,0
149,38.895419931086124,0.03504717466892434,INFO ok,trusted,0,0.1,1.0,no_op,0
150,34.97719299992803,0.01740391332824108,INFO ok,trusted,0,0.1,1.0,no_op,0
151,40.39227721085025,0.013188831765401416,INFO ok,trusted,0,0.1,1.0,no_op,0
152,41.76599543114809,0.03160839908687314,INFO ok,trusted,0,0.1,1.0,no_op,0
153,39.47134285196206,0.026068231328524014,INFO ok,trusted,0,0.1,1.0,no_op,0
154,35.5039164909897,0.016107728174687162,INFO ok,trusted,0,0.1,1.0,no_op,0
155,34.191071017710776,0.021767501658845077,INFO ok,trusted,0,0.1,1.0,no_op,0
156,40.653500542393644,0.015652337087677274,INFO ok,trusted,0,0.1,1.0,no_op,0
157,42.439993634705395,0.030953087833287155,INFO ok,trusted,0,0.1,1.0,no_op,0
158,36.358006754060355,0.028980297152599727,INFO ok,trusted,0,0.1,1.0,no_op,0
159,38.97486683994113,0.025350606427858403,INFO ok,trusted,0,0.1,1.0,no_op,0
160,45.144904180056535,0.02108445775128321,INFO ok,trusted,0,0.1,1.0,no_op,0
161,37.36437474953196,0.024351170100073982,INFO ok,trusted,0,0.1,1.0,no_op,0
162,45.562875923323915,0.04019430218758646,INFO ok,trusted,0,0.1,1.0,no_op,0
163,42.4613444674512,0.0,INFO ok,trusted,0,0.1,1.0,no_op,0
164,48.034937951692626,0.037588235182353394,INFO ok,trusted,0,0.1,1.0,no_op,0
165,40.44611685820497,0.021675496769510277,INFO ok,trusted,0,0.1,1.0,no_op,0
166,44.16155154761653,0.03777931876003905,INFO ok,trusted,0,0.1,1.0,no_op,0
167,43.446224423170044,0.025188368571856773,INFO ok,trusted,0,0.1,1.0,no_op,0
168,47.39565970577724,0.028001813148393874,INFO ok,trusted,0,0.1,1.0,no_op,0
169,50.50319203392587,0.015294970218849877,INFO ok,trusted,0,0.1,1.0,no_op,0
170,51.899684958462466,0.03249132663215167,INFO ok,trusted,0,0.1,1.0,no_op,0
171,43.53449454915524,0.028469758926994305,INFO ok,trusted,0,0.1,1.0,no_op,0
172,50.02985515716882,0.019109061576810197,INFO ok,trusted,0,0.1,1.0,no_op,0
173,53.688664005650175,0.022213688517461007,INFO ok,trusted,0,0.1,1.0,no_op,0
174,54.203978458878865,0.010124463135098264,INFO ok,trusted,0,0.1,1.0,no_op,0
175,48.2102897983964,0.012926579190224316,INFO ok,trusted,0,0.1,1.0,no_op,0
176,50.33914192664567,0.00848353402357868,INFO ok,trusted,0,0.1,1.0,no_op,0
177,45.757145552157,0.022703830512464787,INFO ok,trusted,0,0.1,1.0,no_op,0
178,50.79114876185759,0.012945824442177921,INFO ok,trusted,0,0.1,1.0,no_op,0
179,47.84025979431542,0.020764460706532182,INFO ok,trusted,0,0.1,1.0,no_op,0
180,47.827354572718846,0.008575409591918501,INFO ok,trusted,0,0.1,1.0,no_op,0
181,50.372742457299516,0.02388356116468311,INFO ok,trusted,0,0.1,1.0,no_op,0
182,54.960301800766445,0.019821589254680524,INFO ok,trusted,0,0.1,1.0,no_op,0
183,50.56090923057657,0.009369032038086254,INFO ok,trusted,0,0.1,1.0,no_op,0
184,51.85751296599029,0.014072688082569361,INFO ok,trusted,0,0.1,1.0,no_op,0
185,57.921559674409814,0.018963749912247245,INFO ok,trusted,0,0.1,1.0,no_op,0
186,57.79083735120365,0.021562573219869173,INFO ok,trusted,0,0.1,1.0,no_op,0
187,53.774342138383304,0.017134482669013948,INFO ok,trusted,0,0.1,1.0,no_op,0
188,53.31422464401005,0.026438923824106977,INFO ok,trusted,0,0.1,1.0,no_op,0
189,53.005891665846164,0.008450461479347708,INFO ok,trusted,0,0.1,1.0,no_op,0
190,56.480198824408035,0.014295131913248663,INFO ok,trusted,0,0.1,1.0,no_op,0
191,50.56595364222561,0.02055047536797766,INFO ok,trusted,0,0.1,1.0,no_op,0
192,57.52137404578403,0.022783106743671833,INFO ok,trusted,0,0.1,1.0,no_op,0
193,52.846772640526126,0.019066394319201,INFO ok,trusted,0,0.1,1.0,no_op,0
194,50.75836540868349,0.01413573094207035,INFO ok,trusted,0,0.1,1.0,no_op,0
195,54.92856187601481,0.013802229937913127,INFO ok,trusted,0,0.1,1.0,no_op,0
196,52.22682048918319,0.003925814277353952,INFO ok,trusted,0,0.1,1.0,no_op,0
197,58.6728853921789,0.038669701677749926,INFO ok,trusted,0,0.1,1.0,no_op,0
198,52.078897798052424,0.026183665206969534,INFO ok,trusted,0,0.1,1.0,no_op,0
199,58.77504091441172,0.019978260784808344,INFO ok,trusted,0,0.1,1.0,no_op,0
200,51.309276903070625,0.017638554546304426,INFO ok,trusted,0,0.1,1.0,no_op,0
201,51.20542617794214,0.009714171286843666,INFO ok,trusted,0,0.1,1.0,no_op,0
202,58.492295847314615,0.017505728059568116,INFO ok,trusted,0,0.1,1.0,no_op,0
203,58.90706643901871,0.038828810381238324,INFO ok,trusted,0,0.1,1.0,no_op,0
204,53.703732528110855,0.018226147678375867,INFO ok,trusted,0,0.1,1.0,no_op,0
205,58.35819523872588,0.036366674762116406,INFO ok,trusted,0,0.1,1.0,no_op,0
206,54.733615636922714,0.029354838472682308,INFO ok,trusted,0,0.1,1.0,no_op,0
207,54.288412031126484,0.0347357730601507,INFO ok,trusted,0,0.1,1.0,no_op,0
208,49.92535059510977,0.014628369056591673,INFO ok,trusted,0,0.1,1.0,no_op,0
209,56.72607697083544,0.007857169389939736,INFO ok,trusted,0,0.1,1.0,no_op,0
210,48.06688669060894,0.033126614718155686,INFO ok,trusted,0,0.1,1.0,no_op,0
211,47.918613348374755,0.02099238208156593,INFO ok,trusted,0,0.1,1.0,no_op,0
212,53.38919821073131,0.0071589800767690726,INFO ok,trusted,0,0.1,1.0,no_op,0
213,51.55832004539982,0.027930971387501648,INFO ok,trusted,0,0.1,1.0,no_op,0
214,54.157516298164914,0.025413812580441807,INFO ok,trusted,0,0.1,1.0,no_op,0
215,52.615965579364456,0.019465193867245045,INFO ok,trusted,0,0.1,1.0,no_op,0
216,52.95356271800007,0.015419127642427703,INFO ok,trusted,0,0.1,1.0,no_op,0
217,53.61660733220055,0.015345860385498764,INFO ok,trusted,0,0.1,1.0,no_op,0
218,50.63907442854273,0.018008204168791474,INFO ok,trusted,0,0.1,1.0,no_op,0
219,52.65940067653846,0.01799318443444234,INFO ok,trusted,0,0.1,1.0,no_op,0
220,50.3609064446568,0.023643205609075724,INFO ok,trusted,0,0.1,1.0,no_op,0
221,51.08942446180022,0.0372506259085975,INFO ok,trusted,0,0.1,1.0,no_op,0
222,45.45037592353687,0.015951755267208406,INFO ok,trusted,0,0.1,1.0,no_op,0
223,43.3253024172365,0.020949492724574283,INFO ok,trusted,0,0.1,1.0,no_op,0
224,41.98294469522302,0.03619835787486373,INFO ok,trusted,0,0.1,1.0,no_op,0
225,47.20873194791263,0.008908327253623534,INFO ok,trusted,0,0.1,1.0,no_op,0
226,44.617744361932694,0.023553575545542618,INFO ok,trusted,0,0.1,1.0,no_op,0
227,49.79966618713632,0.013800932839473498,INFO ok,trusted,0,0.1,1.0,no_op,0
228,44.78822855827562,0.018068624255038714,INFO ok,trusted,0,0.1,1.0,no_op,0
229,46.0808781929021,0.023568974441337213,INFO ok,trusted,0,0.1,1.0,no_op,0
230,46.051726992653364,0.015842420298247915,INFO ok,trusted,0,0.1,1.0,no_op,0
231,38.384184147888355,0.02802632360306741,INFO ok,trusted,0,0.1,1.0,no_op,0
232,46.12577545591495,0.016733975777874936,INFO ok,trusted,0,0.1,1.0,no_op,0
233,37.03537399316646,0.016539601769955017,INFO ok,trusted,0,0.1,1.0,no_op,0
234,40.365275005925746,0.009196223182010788,INFO ok,trusted,0,0.1,1.0,no_op,0
235,42.09000447567226,0.005366519780412873,INFO ok,trusted,0,0.1,1.0,no_op,0
236,44.7163552489362,0.015501511172267578,INFO ok,trusted,0,0.1,1.0,no_op,0
237,43.835266157698214,0.011780032286088576,INFO ok,trusted,0,0.1,1.0,no_op,0
238,38.482584500421204,0.021781436979452534,INFO ok,trusted,0,0.1,1.0,no_op,0
239,39.33576812024506,0.01644860296349036,INFO ok,trusted,0,0.1,1.0,no_op,0
240,40.53942590466146,0.030434887452916677,INFO ok,trusted,0,0.1,1.0,no_op,0
241,33.967301384376064,0.022911124726693714,INFO ok,trusted,0,0.1,1.0,no_op,0
242,31.221929255157264,0.020593458269199283,INFO ok,trusted,0,0.1,1.0,no_op,0
243,33.66848946380917,0.004061086973285142,INFO ok,trusted,0,0.1,1.0,no_op,0
244,38.338683535009196,0.024830225179511736,INFO ok,trusted,0,0.1,1.0,no_op,0
245,31.828247205796565,0.025901378447050663,INFO ok,trusted,0,0.1,1.0,no_op,0
246,36.711720141138855,0.02047162456965371,INFO ok,trusted,0,0.1,1.0,no_op,0
247,35.56350886604711,0.024438010796485457,INFO ok,trusted,0,0.1,1.0,no_op,0
248,33.73673581008354,0.029099281718405864,INFO ok,trusted,0,0.1,1.0,no_op,0
249,29.374948154808443,0.015202793386427934,INFO ok,trusted,0,0.1,1.0,no_op,0
250,33.07344235625377,0.016094759751634116,INFO ok,trusted,0,0.1,1.0,no_op,0
251,27.863647380131013,0.014062188323973154,INFO ok,trusted,0,0.1,1.0,no_op,0
252,29.43146008454837,0.003991270172714591,INFO ok,trusted,0,0.1,1.0,no_op,0
253,32.53307479149083,0.034253373580072785,INFO ok,trusted,0,0.1,1.0,no_op,0
254,30.616837285201782,0.024097549577288303,INFO ok,trusted,0,0.1,1.0,no_op,0
255,32.84748053899561,0.03243412831995254,INFO ok,trusted,0,0.1,1.0,no_op,0
256,28.705474140213575,0.017117810674458195,INFO ok,trusted,0,0.1,1.0,no_op,0
257,28.343259813096278,0.014198445867109345,INFO ok,trusted,0,0.1,1.0,no_op,0
258,23.593828942377264,0.00769834549016815,INFO ok,trusted,0,0.1,1.0,no_op,0
259,30.08182020453215,0.009202212370602664,INFO ok,trusted,0,0.1,1.0,no_op,0
260,28.92414997455385,0.00490936686417782,INFO ok,trusted,0,0.1,1.0,no_op,0
261,31.430560529693423,0.028121152534580477,INFO ok,trusted,0,0.1,1.0,no_op,0
262,25.70350893157705,0.04002103722224011,INFO ok,trusted,0,0.1,1.0,no_op,0
263,29.593145427617408,0.04548561972598338,INFO ok,trusted,0,0.1,1.0,no_op,0
264,29.574948364974244,0.02708892431466746,INFO ok,trusted,0,0.1,1.0,no_op,0
265,29.33914804321207,0.026520840590276377,INFO ok,trusted,0,0.1,1.0,no_op,0
266,23.331132010963294,0.007575678743545486,INFO ok,trusted,0,0.1,1.0,no_op,0
267,21.638507494413822,0.030131859652482412,INFO ok,trusted,0,0.1,1.0,no_op,0
268,25.058098549991996,0.024987241698084795,INFO ok,trusted,0,0.1,1.0,no_op,0
269,24.55980634370515,0.023888431542902527,INFO ok,trusted,0,0.1,1.0,no_op,0
270,23.07614471929116,0.019624725736200666,INFO ok,trusted,0,0.1,1.0,no_op,0
271,26.92877665444238,0.0353015638696045,INFO ok,trusted,0,0.1,1.0,no_op,0
272,25.675968626925293,0.022343690497836983,INFO ok,trusted,0,0.1,1.0,no_op,0
273,27.860993543782364,0.026809596293323506,INFO ok,trusted,0,0.1,1.0,no_op,0
274,25.05398794756949,0.020202311584523836,INFO ok,trusted,0,0.1,1.0,no_op,0
275,25.25857315997271,0.028368120457127353,INFO ok,trusted,0,0.1,1.0,no_op,0
276,21.198254559415926,0.028147264444853853,INFO ok,trusted,0,0.1,1.0,no_op,0
277,26.922174922538943,0.01304821187815755,INFO ok,trusted,0,0.1,1.0,no_op,0
278,21.218210947106364,0.02265762050859863,INFO ok,trusted,0,0.1,1.0,no_op,0
279,29.06980637509986,0.020200657764890623,INFO ok,trusted,0,0.1,1.0,no_op,0
280,22.456481528184987,0.0032078804033712667,INFO ok,trusted,0,0.1,1.0,no_op,0
281,27.67011982633431,0.006429746561772583,INFO ok,trusted,0,0.1,1.0,no_op,0
282,21.865350470399566,0.027795088710108738,INFO ok,trusted,0,0.1,1.0,no_op,0
283,24.958016792123175,0.020855166078995444,INFO ok,trusted,0,0.1,1.0,no_op,0
284,29.27435759251612,0.030172191497670923,INFO ok,trusted,0,0.1,1.0,no_op,0
285,27.49055553596974,0.024408459094471136,INFO ok,trusted,0,0.1,1.0,no_op,0
286,29.11842031677252,0.0,INFO ok,trusted,0,0.1,1.0,no_op,0
287,22.374241038428394,0.03234539693555047,INFO ok,trusted,0,0.1,1.0,no_op,0
288,24.93757711715555,0.027025097703535426,INFO ok,trusted,0,0.1,1.0,no_op,0
289,31.43202789716824,0.028636960533716192,INFO ok,trusted,0,0.1,1.0,no_op,0
290,23.28457471068825,0.028717486509700338,INFO ok,trusted,0,0.1,1.0,no_op,0
291,32.017836481904354,0.018899445074878656,INFO ok,trusted,0,0.1,1.0,no_op,0
292,30.112679691469676,0.018425589712847773,INFO ok,trusted,0,0.1,1.0,no_op,0
293,31.331265896161778,0.015077626357359222,INFO ok,trusted,0,0.1,1.0,no_op,0
294,31.873930461577302,0.01043418076356659,INFO ok,trusted,0,0.1,1.0,no_op,0
295,28.328802217666894,0.03139264599105654,INFO ok,trusted,0,0.1,1.0,no_op,0
296,30.71726024606291,0.02546638366458309,INFO ok,trusted,0,0.1,1.0,no_op,0
297,32.711389718595285,0.015921388796883793,INFO ok,trusted,0,0.1,1.0,no_op,0
298,26.50627279401923,0.010589086697195717,INFO ok,trusted,0,0.1,1.0,no_op,0
299,34.74253799044885,0.016146943109090112,INFO ok,trusted,0,0.1,1.0,no_op,0
300,32.47205332897711,0.17439899551918886,ERROR timeout,trusted,1,0.1,1.0,no_op,0
301,28.03038036013417,0.1676639328117206,ERROR timeout,trusted,1,0.1,1.0,no_op,0
302,36.02217564014781,0.1673391208241337,ERROR timeout,trusted,1,0.1,1.0,no_op,0
303,36.10786998436551,0.1717240405863319,ERROR timeout,trusted,1,0.1,1.0,no_op,0
304,36.66048352998863,0.16797110065105245,ERROR timeout,trusted,1,0.1,1.0,no_op,0
305,31.408637278463637,0.17049263266113115,ERROR timeout,trusted,1,0.1,1.0,no_op,0
306,34.28851490604634,0.1697782155038592,ERROR timeout,trusted,1,0.1,1.0,no_op,0
307,31.19603823423553,0.1756334713996773,ERROR timeout,trusted,1,0.1,1.0,no_op,0
308,31.843489126220646,0.1654611166434013,ERROR timeout,trusted,1,0.1,1.0,no_op,0
309,34.61038630396758,0.16661410823074757,ERROR timeout,trusted,1,0.1,1.0,no_op,0
310,40.90938981714668,0.18446284111341657,ERROR timeout,trusted,1,0.1,1.0,no_op,0
311,40.70904204319257,0.17946269427324538,ERROR timeout,trusted,1,0.1,1.0,no_op,0
312,37.62444002058066,0.16207506337338906,ERROR timeout,trusted,1,0.1,1.0,no_op,0
313,42.49536033416157,0.1596088207811548,ERROR timeout,trusted,1,0.1,1.0,no_op,0
314,36.59205186155423,0.17076857434006784,ERROR timeout,trusted,1,0.1,1.0,no_op,0
315,40.69590642999569,0.15906120566062695,ERROR timeout,trusted,1,0.1,1.0,no_op,0
316,36.15349381868166,0.1628549423842903,ERROR timeout,trusted,1,0.1,1.0,no_op,0
317,45.81822260946621,0.1882123464759159,ERROR timeout,trusted,1,0.1,1.0,no_op,0
318,41.523218971837856,0.16577744330071592,ERROR timeout,trusted,1,0.1,1.0,no_op,0
319,42.05217303937465,0.15910285786480846,ERROR timeout,trusted,1,0.1,1.0,no_op,0
320,40.16362294598766,0.16137641002959743,ERROR timeout,trusted,1,0.1,1.0,no_op,0
321,41.13971462518417,0.1815599485430306,ERROR timeout,trusted,1,0.1,1.0,no_op,0
322,47.77669403386304,0.17480198556264168,ERROR timeout,trusted,1,0.1,1.0,no_op,0
323,48.60335441602005,0.15912202882459123,ERROR timeout,trusted,1,0.1,1.0,no_op,0
324,42.0632363326981,0.18283756490050046,ERROR timeout,trusted,1,0.1,1.0,no_op,0
325,41.94288483388211,0.1673529540876572,ERROR timeout,trusted,1,0.1,1.0,no_op,0
326,45.1292386794403,0.15871418870232548,ERROR timeout,trusted,1,0.1,1.0,no_op,0
327,44.47126687460634,0.17611150306290613,ERROR timeout,trusted,1,0.1,1.0,no_op,0
328,46.422882497797175,0.153706424790532,ERROR timeout,trusted,1,0.1,1.0,no_op,0
329,51.41812484930541,0.1530155341474693,ERROR timeout,trusted,1,0.1,1.0,no_op,0
330,44.06468488136038,0.16389727463194367,ERROR timeout,trusted,1,0.1,1.0,no_op,0
331,53.26415756601428,0.17490921854257346,ERROR timeout,trusted,1,0.1,1.0,no_op,0
332,54.185783653050336,0.16148424145837112,ERROR timeout,trusted,1,0.1,1.0,no_op,0
333,46.94193287670518,0.17203431146828096,ERROR timeout,trusted,1,0.1,1.0,no_op,0
334,49.58300373750461,0.16466599263544668,ERROR timeout,trusted,1,0.1,1.0,no_op,0
335,53.260882639830115,0.18932745801736006,ERROR timeout,trusted,1,0.1,1.0,no_op,0
336,54.20029551731431,0.175618695700477,ERROR timeout,trusted,1,0.1,1.0,no_op,0
337,49.63568342734178,0.16536458901822607,ERROR timeout,trusted,1,0.1,1.0,no_op,0
338,55.31965843966736,0.17421012422636412,ERROR timeout,trusted,1,0.1,1.0,no_op,0
339,51.13935897295909,0.18104636921162914,ERROR timeout,trusted,1,0.1,1.0,no_op,0
340,54.474273950802,0.16355326397302494,ERROR timeout,trusted,1,0.1,1.0,no_op,0
341,54.78099822125517,0.18156843819927754,ERROR timeout,trusted,1,0.1,1.0,no_op,0
342,51.54690379433805,0.17523063707883654,ERROR timeout,trusted,1,0.1,1.0,no_op,0
343,56.22618282771194,0.15849848407244188,ERROR timeout,trusted,1,0.1,1.0,no_op,0
344,49.959723725049265,0.17588045147597187,ERROR timeout,trusted,1,0.1,1.0,no_op,0
345,52.90225206816112,0.1775164096808043,ERROR timeout,trusted,1,0.1,1.0,no_op,0
346,55.193235132464,0.17915263621694133,ERROR timeout,trusted,1,0.1,1.0,no_op,0
347,57.59112236239302,0.15709322339486814,ERROR timeout,trusted,1,0.1,1.0,no_op,0
348,50.70336427910417,0.18397733752305262,ERROR timeout,trusted,1,0.1,1.0,no_op,0
349,53.798606970806865,0.17041714100827052,ERROR timeout,trusted,1,0.1,1.0,no_op,0
350,52.73870600269943,0.16462206500751145,ERROR timeout,trusted,1,0.1,1.0,no_op,0
351,50.561664227251065,0.17899371883103812,ERROR timeout,trusted,1,0.1,1.0,no_op,0
352,57.12548884010764,0.1689042930835119,ERROR timeout,trusted,1,0.1,1.0,no_op,0
353,58.78414555597945,0.17270705254699473,ERROR timeout,trusted,1,0.1,1.0,no_op,0
354,59.517794754153655,0.15885820803546777,ERROR timeout,trusted,1,0.1,1.0,no_op,0
355,57.62604138686264,0.17692114842732196,ERROR timeout,trusted,1,0.1,1.0,no_op,0
356,55.53751630236914,0.16089389718851255,ERROR timeout,trusted,1,0.1,1.0,no_op,0
357,52.88932481744467,0.1675924952947724,ERROR timeout,trusted,1,0.1,1.0,no_op,0
358,58.389203308116365,0.17822637339902178,ERROR timeout,trusted,1,0.1,1.0,no_op,0
359,50.23928843803493,0.16764016375097596,ERROR timeout,trusted,1,0.1,1.0,no_op,0
360,52.65767843639268,0.17833225411187675,ERROR timeout,trusted,1,0.1,1.0,no_op,0
361,59.10469734866451,0.18611509903120105,ERROR timeout,trusted,1,0.1,1.0,no_op,0
362,56.420706326537605,0.17136133984201132,ERROR timeout,trusted,1,0.1,1.0,no_op,0
363,58.31441122995682,0.18181744340056216,ERROR timeout,trusted,1,0.1,1.0,no_op,0
364,48.783687769661945,0.154366013961497,ERROR timeout,trusted,1,0.1,1.0,no_op,0
365,55.42071030156146,0.1856127073996705,ERROR timeout,trusted,1,0.1,1.0,no_op,0
366,48.852926364182785,0.1700744738313857,ERROR timeout,trusted,1,0.1,1.0,no_op,0
367,49.57488566315145,0.1735187904004816,ERROR timeout,trusted,1,0.1,1.0,no_op,0
368,49.29669586304121,0.1599963222221503,ERROR timeout,trusted,1,0.1,1.0,no_op,0
369,48.35800296401674,0.162319058647596,ERROR timeout,trusted,1,0.1,1.0,no_op,0
370,55.998685205445106,0.18776571720371235,ERROR timeout,trusted,1,0.1,1.0,no_op,0
371,55.4602293367577,0.18092371130253918,ERROR timeout,trusted,1,0.1,1.0,no_op,0
372,54.599365573918476,0.16463544881631495,ERROR timeout,trusted,1,0.1,1.0,no_op,0
373,50.11967953970619,0.17551332950970827,ERROR timeout,trusted,1,0.1,1.0,no_op,0
374,48.39504970684586,0.19405630987488592,ERROR timeout,trusted,1,0.1,1.0,no_op,0
375,52.54377073337038,0.16500470181234936,ERROR timeout,trusted,1,0.1,1.0,no_op,0
376,50.030790132792184,0.17075864238339822,ERROR timeout,trusted,1,0.1,1.0,no_op,0
377,44.247457375432376,0.16629817590632487,ERROR timeout,trusted,1,0.1,1.0,no_op,0
378,50.48524814952631,0.1728137364451881,ERROR timeout,trusted,1,0.1,1.0,no_op,0
379,45.08624605953513,0.16122903338222103,ERROR timeout,trusted,1,0.1,1.0,no_op,0
380,51.645647354437585,0.16750004430445672,ERROR timeout,trusted,1,0.1,1.0,no_op,0
381,42.704802603798164,0.16673911725676102,ERROR timeout,trusted,1,0.1,1.0,no_op,0
382,49.177635258442066,0.1730723129128206,ERROR timeout,trusted,1,0.1,1.0,no_op,0
383,40.827528633106596,0.16060382218952393,ERROR timeout,trusted,1,0.1,1.0,no_op,0
384,49.387074529341895,0.1596428013677307,ERROR timeout,trusted,1,0.1,1.0,no_op,0
385,44.51537961334249,0.18001897217281357,ERROR timeout,trusted,1,0.1,1.0,no_op,0
386,47.824354009972,0.16950626209590308,ERROR timeout,trusted,1,0.1,1.0,no_op,0
387,43.2023128334956,0.17927301001122725,ERROR timeout,trusted,1,0.1,1.0,no_op,0
388,39.373572811597214,0.1725010548579644,ERROR timeout,trusted,1,0.1,1.0,no_op,0
389,46.6153296460289,0.14686287177048618,ERROR timeout,trusted,1,0.1,1.0,no_op,0
390,45.33292990678366,0.15502549052034525,ERROR timeout,trusted,1,0.1,1.0,no_op,0
391,38.57199705448896,0.17617896962482651,ERROR timeout,trusted,1,0.1,1.0,no_op,0
392,43.33736905963396,0.1607965744651935,ERROR timeout,trusted,1,0.1,1.0,no_op,0
393,43.8420466281137,0.15528695259889372,ERROR timeout,trusted,1,0.1,1.0,no_op,0
394,43.243233311629595,0.15936934675426356,ERROR timeout,trusted,1,0.1,1.0,no_op,0
395,41.99550780036304,0.18523925660080337,ERROR timeout,trusted,1,0.1,1.0,no_op,0
396,33.037694512737914,0.16958825805310757,ERROR timeout,trusted,1,0.1,1.0,no_op,0
397,35.69762776315037,0.1648579624004999,ERROR timeout,trusted,1,0.1,1.0,no_op,0
398,39.71051472547892,0.15480072397336514,ERROR timeout,trusted,1,0.1,1.0,no_op,0
399,31.880801652518073,0.1614014790379571,ERROR timeout,trusted,1,0.1,1.0,no_op,0
400,37.309484355006106,0.15939413254553303,ERROR timeout,trusted,1,0.1,1.0,no_op,0
401,30.888255212620486,0.1623197886398414,ERROR timeout,trusted,1,0.1,1.0,no_op,0
402,37.68841153629006,0.17867051315101756,ERROR timeout,trusted,1,0.1,1.0,no_op,0
403,37.154329242114166,0.15786106440345285,ERROR timeout,trusted,1,0.1,1.0,no_op,0
404,30.443958108611195,0.17453240195886613,ERROR timeout,trusted,1,0.1,1.0,no_op,0
405,31.315931939598364,0.16093722858243364,ERROR timeout,trusted,1,0.1,1.0,no_op,0
406,33.54103065096051,0.1765572835858269,ERROR timeout,trusted,1,0.1,1.0,no_op,0
407,32.236398882748155,0.16772152189145983,ERROR timeout,trusted,1,0.1,1.0,no_op,0
408,29.525023530208816,0.1724538641801005,ERROR timeout,trusted,1,0.1,1.0,no_op,0
409,32.92242030007618,0.16615001666137597,ERROR timeout,trusted,1,0.1,1.0,no_op,0
410,31.055636873775924,0.1721805880007079,ERROR timeout,trusted,1,0.1,1.0,no_op,0
411,26.82087900145968,0.1730169851716421,ERROR timeout,trusted,1,0.1,1.0,no_op,0
412,30.32175160239955,0.171846779195406,ERROR timeout,trusted,1,0.1,1.0,no_op,0
413,25.208530644065398,0.1522083669506353,ERROR timeout,trusted,1,0.1,1.0,no_op,0
414,32.02134967418024,0.16649607390237597,ERROR timeout,trusted,1,0.1,1.0,no_op,0
415,32.307364324095886,0.17366454383881902,ERROR timeout,trusted,1,0.1,1.0,no_op,0
416,24.102237585240044,0.1561780810026779,ERROR timeout,trusted,1,0.1,1.0,no_op,0
417,22.784012992868327,0.16235305056492366,ERROR timeout,trusted,1,0.1,1.0,no_op,0
418,22.56297207463144,0.180321588333428,ERROR timeout,trusted,1,0.1,1.0,no_op,0
419,22.610793630930722,0.17563081289167407,ERROR timeout,trusted,1,0.1,1.0,no_op,0
420,29.315935151392868,0.16434113075622894,ERROR timeout,trusted,1,0.1,1.0,no_op,0
421,21.946888112622943,0.18875024487546915,ERROR timeout,trusted,1,0.1,1.0,no_op,0
422,25.759855281865754,0.16006695100917953,ERROR timeout,trusted,1,0.1,1.0,no_op,0
423,27.024060067437386,0.18586478383901645,ERROR timeout,trusted,1,0.1,1.0,no_op,0
424,28.631450327623234,0.17350776994792166,ERROR timeout,trusted,1,0.1,1.0,no_op,0
425,20.684198282872792,0.18185690955726266,ERROR timeout,trusted,1,0.1,1.0,no_op,0
426,24.29541430343224,0.1606979125522155,ERROR timeout,trusted,1,0.1,1.0,no_op,0
427,27.866850154485533,0.17991202335384132,ERROR timeout,trusted,1,0.1,1.0,no_op,0
428,26.043304974834577,0.16669938289740638,ERROR timeout,trusted,1,0.1,1.0,no_op,0
429,22.0781191303758,0.16099959960756557,ERROR timeout,trusted,1,0.1,1.0,no_op,0
430,24.7668302057918,0.17673279781915938,ERROR timeout,trusted,1,0.1,1.0,no_op,0
431,26.5884865486545,0.18275629762470647,ERROR timeout,trusted,1,0.1,1.0,no_op,0
432,24.86760206142589,0.17596278426743997,ERROR timeout,trusted,1,0.1,1.0,no_op,0
433,20.990165732476036,0.14733164401669044,ERROR timeout,trusted,1,0.1,1.0,no_op,0
434,26.161129817232258,0.1482461599247684,ERROR timeout,trusted,1,0.1,1.0,no_op,0
435,20.689259893381845,0.1615784148100529,ERROR timeout,trusted,1,0.1,1.0,no_op,0
436,24.192995848747625,0.1607887635734439,ERROR timeout,trusted,1,0.1,1.0,no_op,0
437,27.466450645800066,0.16073966760282973,ERROR timeout,trusted,1,0.1,1.0,no_op,0
438,28.35282527464345,0.1477013885964939,ERROR timeout,trusted,1,0.1,1.0,no_op,0
439,25.6684989606748,0.16110583234119533,ERROR timeout,trusted,1,0.1,1.0,no_op,0
440,29.6380951979002,0.16030427191680213,ERROR timeout,trusted,1,0.1,1.0,no_op,0
441,23.157056708238322,0.17086725119619126,ERROR timeout,trusted,1,0.1,1.0,no_op,0
442,22.608993434066626,0.1522978240316492,ERROR timeout,trusted,1,0.1,1.0,no_op,0
443,22.410316587453188,0.18152303349578783,ERROR timeout,trusted,1,0.1,1.0,no_op,0
444,30.43213164002828,0.15902582911991198,ERROR timeout,trusted,1,0.1,1.0,no_op,0
445,25.23682884082814,0.17535827261333045,ERROR timeout,trusted,1,0.1,1.0,no_op,0
446,28.06207398738644,0.15786325177791855,ERROR timeout,trusted,1,0.1,1.0,no_op,0
447,24.74178934952593,0.16358179115170177,ERROR timeout,trusted,1,0.1,1.0,no_op,0
448,23.16611392314705,0.17693228577583925,ERROR timeout,trusted,1,0.1,1.0,no_op,0
449,30.13095859015534,0.17411437138877792,ERROR timeout,trusted,1,0.1,1.0,no_op,0
450,29.019022717083466,0.1731692777712993,ERROR timeout,trusted,1,0.1,1.0,no_op,0
451,25.6004411918941,0.17572676058037034,ERROR timeout,trusted,1,0.1,1.0,no_op,0
452,29.721749750753336,0.19241286892755638,ERROR timeout,trusted,1,0.1,1.0,no_op,0
453,32.557041851609554,0.16977988553439632,ERROR timeout,trusted,1,0.1,1.0,no_op,0
454,32.21308508083406,0.15812805552947504,ERROR timeout,trusted,1,0.1,1.0,no_op,0
455,29.107060186631056,0.16638648463550804,ERROR timeout,trusted,1,0.1,1.0,no_op,0
456,31.02708548104794,0.148718927535444,ERROR timeout,trusted,1,0.1,1.0,no_op,0
457,27.633059542271866,0.15622825431750145,ERROR timeout,trusted,1,0.1,1.0,no_op,0
458,31.18296803300609,0.17151540895632794,ERROR timeout,trusted,1,0.1,1.0,no_op,0
459,29.58644539684648,0.19544363183639524,ERROR timeout,trusted,1,0.1,1.0,no_op,0
460,37.35998834611803,0.16908720357332394,ERROR timeout,trusted,1,0.1,1.0,no_op,0
461,38.95210982422987,0.17405652436976488,ERROR timeout,trusted,1,0.1,1.0,no_op,0
462,30.3428170236717,0.17947983566934275,ERROR timeout,trusted,1,0.1,1.0,no_op,0
463,35.50879379448201,0.17479030415178948,ERROR timeout,trusted,1,0.1,1.0,no_op,0
464,36.55251471555223,0.1669959688318349,ERROR timeout,trusted,1,0.1,1.0,no_op,0
465,31.55421604451807,0.17291791272895543,ERROR timeout,trusted,1,0.1,1.0,no_op,0
466,35.423398587482765,0.17772232201031057,ERROR timeout,trusted,1,0.1,1.0,no_op,0
467,33.09443827661616,0.16866512687819546,ERROR timeout,trusted,1,0.1,1.0,no_op,0
468,37.79187162434553,0.1821632942219733,ERROR timeout,trusted,1,0.1,1.0,no_op,0
469,35.66955538325756,0.1968420911698316,ERROR timeout,trusted,1,0.1,1.0,no_op,0
470,37.119586918401914,0.16702224609005117,ERROR timeout,trusted,1,0.1,1.0,no_op,0
471,37.56686583202591,0.17958773003017164,ERROR timeout,trusted,1,0.1,1.0,no_op,0
472,40.953322884268935,0.17149906077160307,ERROR timeout,trusted,1,0.1,1.0,no_op,0
473,42.54984722625164,0.16654932631089348,ERROR timeout,trusted,1,0.1,1.0,no_op,0
474,44.039639793602106,0.17879428861366062,ERROR timeout,trusted,1,0.1,1.0,no_op,0
475,40.03285080161985,0.17545382072711296,ERROR timeout,trusted,1,0.1,1.0,no_op,0
476,46.824214737339915,0.1818327494583719,ERROR timeout,trusted,1,0.1,1.0,no_op,0
477,41.08448765258898,0.17617954199539412,ERROR timeout,trusted,1,0.1,1.0,no_op,0
478,43.31200626223094,0.17000057544414754,ERROR timeout,trusted,1,0.1,1.0,no_op,0
479,42.15293996646909,0.17898248852529913,ERROR timeout,trusted,1,0.1,1.0,no_op,0
480,49.60419361389342,0.17046874741525206,ERROR timeout,trusted,1,0.1,1.0,no_op,0
481,48.31540978406649,0.16998818918298594,ERROR timeout,trusted,1,0.1,1.0,no_op,0
482,49.09939833712303,0.17535545257972243,ERROR timeout,trusted,1,0.1,1.0,no_op,0
483,48.67844478863914,0.19502350577980723,ERROR timeout,trusted,1,0.1,1.0,no_op,0
484,51.52863052686432,0.18038244256383848,ERROR timeout,trusted,1,0.1,1.0,no_op,0
485,52.18534285486041,0.18298553438297133,ERROR timeout,trusted,1,0.1,1.0,no_op,0
486,45.159954466703915,0.18684196208489945,ERROR timeout,trusted,1,0.1,1.0,no_op,0
487,53.62471325287738,0.16349186015038733,ERROR timeout,trusted,1,0.1,1.0,no_op,0
488,51.25071935150324,0.17351749832858426,ERROR timeout,trusted,1,0.1,1.0,no_op,0
489,47.91511175785534,0.19075336796986092,ERROR timeout,trusted,1,0.1,1.0,no_op,0
490,53.89437021669903,0.17609320315728108,ERROR timeout,trusted,1,0.1,1.0,no_op,0
491,50.08432696299752,0.1666223669747273,ERROR timeout,trusted,1,0.1,1.0,no_op,0
492,49.06226251970636,0.15799150362556497,ERROR timeout,trusted,1,0.1,1.0,no_op,0
493,52.5119243403066,0.16140517222468415,ERROR timeout,trusted,1,0.1,1.0,no_op,0
494,47.095561864375924,0.15893503398357578,ERROR timeout,trusted,1,0.1,1.0,no_op,0
495,47.33652927623576,0.16996096418365236,ERROR timeout,trusted,1,0.1,1.0,no_op,0
496,54.54919852473442,0.15689933306827591,ERROR timeout,trusted,1,0.1,1.0,no_op,0
497,49.19120005398552,0.1706080471176856,ERROR timeout,trusted,1,0.1,1.0,no_op,0
498,51.47003134539339,0.171681303218622,ERROR timeout,trusted,1,0.1,1.0,no_op,0
499,57.91312468088719,0.17141000821065597,ERROR timeout,trusted,1,0.1,1.0,no_op,0
500,54.94617817621639,0.1621092051248421,ERROR timeout,trusted,1,0.1,1.0,no_op,0
501,55.102224501922464,0.16581537028325632,ERROR timeout,trusted,1,0.1,1.0,no_op,0
502,53.22718654504375,0.17263207438069783,ERROR timeout,trusted,1,0.1,1.0,no_op,0
503,58.45517555337928,0.16601905611822723,ERROR timeout,trusted,1,0.1,1.0,no_op,0
504,58.608045117845826,0.16557770899281105,ERROR timeout,trusted,1,0.1,1.0,no_op,0
505,54.43732150669555,0.17650132880615235,ERROR timeout,trusted,1,0.1,1.0,no_op,0
506,49.80267863975165,0.1568020067995533,ERROR timeout,trusted,1,0.1,1.0,no_op,0
507,58.537466952374444,0.1807131970659361,ERROR timeout,trusted,1,0.1,1.0,no_op,0
508,52.620511129787204,0.17259157156706098,ERROR timeout,trusted,1,0.1,1.0,no_op,0
509,51.742697277296976,0.17755304519442608,ERROR timeout,trusted,1,0.1,1.0,no_op,0
510,56.34464545710277,0.17247458278051445,ERROR timeout,trusted,1,0.1,1.0,no_op,0
511,55.405498889065,0.1602408623987974,ERROR timeout,trusted,1,0.1,1.0,no_op,0
512,50.54907500114747,0.16687600900663757,ERROR timeout,trusted,1,0.1,1.0,no_op,0
513,56.71358680107656,0.17416263952302408,ERROR timeout,trusted,1,0.1,1.0,no_op,0
514,59.37365208168699,0.16043102557243025,ERROR timeout,trusted,1,0.1,1.0,no_op,0
515,52.747185306840954,0.1599392554080958,ERROR timeout,trusted,1,0.1,1.0,no_op,0
516,51.61623772669053,0.1652367992617009,ERROR timeout,trusted,1,0.1,1.0,no_op,0
517,54.990484275742816,0.18158438964321583,ERROR timeout,trusted,1,0.1,1.0,no_op,0
518,51.086041886787,0.1578457959356658,ERROR timeout,trusted,1,0.1,1.0,no_op,0
519,57.77969844290433,0.17093722491281071,ERROR timeout,trusted,1,0.1,1.0,no_op,0
520,54.93034521549134,0.16324505983046134,ERROR timeout,trusted,1,0.1,1.0,no_op,0
521,48.99993013684965,0.15531550374400913,ERROR timeout,trusted,1,0.1,1.0,no_op,0
522,54.364576802074545,0.17379252109110377,ERROR timeout,trusted,1,0.1,1.0,no_op,0
523,57.90497398328521,0.15977634141234717,ERROR timeout,trusted,1,0.1,1.0,no_op,0
524,57.023305701715266,0.15466741347081484,ERROR timeout,trusted,1,0.1,1.0,no_op,0
525,48.55021451322,0.16826334997403292,ERROR timeout,trusted,1,0.1,1.0,no_op,0
526,55.783139296977986,0.16900245107961137,ERROR timeout,trusted,1,0.1,1.0,no_op,0
527,47.54547253513507,0.19018318344323681,ERROR timeout,trusted,1,0.1,1.0,no_op,0
528,52.443304377274934,0.16186181963217977,ERROR timeout,trusted,1,0.1,1.0,no_op,0
529,46.11098733725081,0.16917141073469463,ERROR timeout,trusted,1,0.1,1.0,no_op,0
530,55.13981520503329,0.1639377589434244,ERROR timeout,trusted,1,0.1,1.0,no_op,0
531,51.34358829160395,0.1853753672896335,ERROR timeout,trusted,1,0.1,1.0,no_op,0
532,47.993418306104864,0.17882434134039163,ERROR timeout,trusted,1,0.1,1.0,no_op,0
533,47.97185634453921,0.18377296648731622,ERROR timeout,trusted,1,0.1,1.0,no_op,0
534,49.308996796688355,0.17431112213306982,ERROR timeout,trusted,1,0.1,1.0,no_op,0
535,46.1624452884741,0.17580670777849527,ERROR timeout,trusted,1,0.1,1.0,no_op,0
536,48.84516389611241,0.17521817242495896,ERROR timeout,trusted,1,0.1,1.0,no_op,0
537,49.777022756292396,0.17693687211457226,ERROR timeout,trusted,1,0.1,1.0,no_op,0
538,51.190585229381256,0.15968541213957285,ERROR timeout,trusted,1,0.1,1.0,no_op,0
539,46.803730276080316,0.16414127899398276,ERROR timeout,trusted,1,0.1,1.0,no_op,0
540,47.36841673360301,0.15661936046657243,ERROR timeout,trusted,1,0.1,1.0,no_op,0
541,41.41573376972191,0.17821448021135333,ERROR timeout,trusted,1,0.1,1.0,no_op,0
542,40.8185118582872,0.15724374462002594,ERROR timeout,trusted,1,0.1,1.0,no_op,0
543,43.10133686789832,0.18123976142549605,ERROR timeout,trusted,1,0.1,1.0,no_op,0
544,44.599541271828166,0.17393215331462078,ERROR timeout,trusted,1,0.1,1.0,no_op,0
545,38.84718131734955,0.15852275152673756,ERROR timeout,trusted,1,0.1,1.0,no_op,0
546,42.74640881198544,0.16566575233774156,ERROR timeout,trusted,1,0.1,1.0,no_op,0
547,37.806208659799374,0.1783876527814609,ERROR timeout,trusted,1,0.1,1.0,no_op,0
548,38.36630579283615,0.16285970602895777,ERROR timeout,trusted,1,0.1,1.0,no_op,0
549,40.07111635523206,0.182253782053646,ERROR timeout,trusted,1,0.1,1.0,no_op,0
550,35.01648470968031,0.1762025607385264,ERROR timeout,trusted,1,0.1,1.0,no_op,0
551,37.73915672667407,0.17282155605256663,ERROR timeout,trusted,1,0.1,1.0,no_op,0
552,42.386733537399095,0.17678203070829943,ERROR timeout,trusted,1,0.1,1.0,no_op,0
553,37.876464168252596,0.18234011033437045,ERROR timeout,trusted,1,0.1,1.0,no_op,0
554,33.80170561746035,0.17095534903185688,ERROR timeout,trusted,1,0.1,1.0,no_op,0
555,34.59887979449584,0.1612332049435221,ERROR timeout,trusted,1,0.1,1.0,no_op,0
556,33.01395035418103,0.1536309589567885,ERROR timeout,trusted,1,0.1,1.0,no_op,0
557,37.019902104568885,0.17597351289960292,ERROR timeout,trusted,1,0.1,1.0,no_op,0
558,34.30875272466531,0.16692505349685285,ERROR timeout,trusted,1,0.1,1.0,no_op,0
559,31.496657107090982,0.16334538236595372,ERROR timeout,trusted,1,0.1,1.0,no_op,0
560,32.55805968286498,0.16851831393441627,ERROR timeout,trusted,1,0.1,1.0,no_op,0
561,34.80490222664264,0.17986378895706262,ERROR timeout,trusted,1,0.1,1.0,no_op,0
562,32.33684310308908,0.16154803214950153,ERROR timeout,trusted,1,0.1,1.0,no_op,0
563,28.5498922739608,0.17508814057024497,ERROR timeout,trusted,1,0.1,1.0,no_op,0
564,32.428765453290595,0.18097263355802468,ERROR timeout,trusted,1,0.1,1.0,no_op,0
565,34.49906938350682,0.1852086944989169,ERROR timeout,trusted,1,0.1,1.0,no_op,0
566,35.03665785056017,0.1784391288277728,ERROR timeout,trusted,1,0.1,1.0,no_op,0
567,31.965508894189995,0.16794276599854033,ERROR timeout,trusted,1,0.1,1.0,no_op,0
568,27.626157554257002,0.179039121575842,ERROR timeout,trusted,1,0.1,1.0,no_op,0
569,28.066214320174478,0.16510744076672548,ERROR timeout,trusted,1,0.1,1.0,no_op,0
570,33.166782467793254,0.1595270380658271,ERROR timeout,trusted,1,0.1,1.0,no_op,0
571,33.54811035600696,0.16862980134478356,ERROR timeout,trusted,1,0.1,1.0,no_op,0
572,23.374121272951676,0.1834205423847963,ERROR timeout,trusted,1,0.1,1.0,no_op,0
573,28.66709738100419,0.1648406573393114,ERROR timeout,trusted,1,0.1,1.0,no_op,0
574,28.24975218139179,0.1821993444851448,ERROR timeout,trusted,1,0.1,1.0,no_op,0
575,26.221867034264015,0.15566052022892626,ERROR timeout,trusted,1,0.1,1.0,no_op,0
576,28.18404683617576,0.17515305759645802,ERROR timeout,trusted,1,0.1,1.0,no_op,0
577,29.002589873894387,0.17379256599624754,ERROR timeout,trusted,1,0.1,1.0,no_op,0
578,30.988714752830486,0.18381813127309118,ERROR timeout,trusted,1,0.1,1.0,no_op,0
579,24.682911913680122,0.1788104572968148,ERROR timeout,trusted,1,0.1,1.0,no_op,0
580,26.8492843662996,0.17052597277639422,ERROR timeout,trusted,1,0.1,1.0,no_op,0
581,21.549679079127653,0.15875498285227457,ERROR timeout,trusted,1,0.1,1.0,no_op,0
582,22.48379772342555,0.16636223993935195,ERROR timeout,trusted,1,0.1,1.0,no_op,0
583,25.381708560283254,0.163734762786382,ERROR timeout,trusted,1,0.1,1.0,no_op,0
584,27.017466441823018,0.17017177364506614,ERROR timeout,trusted,1,0.1,1.0,no_op,0
585,23.70611841879234,0.17261589903822935,ERROR timeout,trusted,1,0.1,1.0,no_op,0
586,27.107067916434474,0.15765417878650065,ERROR timeout,trusted,1,0.1,1.0,no_op,0
587,29.689940071013957,0.17551294924981245,ERROR timeout,trusted,1,0.1,1.0,no_op,0
588,20.709729595241328,0.16810657191885967,ERROR timeout,trusted,1,0.1,1.0,no_op,0
589,21.133825432691065,0.16684302389187977,ERROR timeout,trusted,1,0.1,1.0,no_op,0
590,21.51372439017313,0.1642355317037618,ERROR timeout,trusted,1,0.1,1.0,no_op,0
591,24.854531136979745,0.19844010090145753,ERROR timeout,trusted,1,0.1,1.0,no_op,0
592,23.827483027534747,0.17420065806375618,ERROR timeout,trusted,1,0.1,1.0,no_op,0
593,22.79652160942272,0.1722797757724715,ERROR timeout,trusted,1,0.1,1.0,no_op,0
594,24.15633476187911,0.16255445443419636,ERROR timeout,trusted,1,0.1,1.0,no_op,0
595,26.748623578710554,0.17453769305812042,ERROR timeout,trusted,1,0.1,1.0,no_op,0
596,30.330261957060525,0.16992847982123763,ERROR timeout,trusted,1,0.1,1.0,no_op,0
597,25.553539687193208,0.16400732241292132,ERROR timeout,trusted,1,0.1,1.0,no_op,0
598,28.60758183874406,0.16879843507811862,ERROR timeout,trusted,1,0.1,1.0,no_op,0
599,23.514673111805372,0.13436582803824873,ERROR timeout,trusted,1,0.9919937462230862,1.0,no_op,0
600,31.2195901626417,0.14423239120136627,ERROR timeout,trusted,1,0.991992445046679,1.0,no_op,0
601,22.89604203278871,0.14975482521308178,ERROR timeout,trusted,1,0.9920396592716463,1.0,no_op,0
602,24.659622531299938,0.17469699669335376,ERROR timeout,trusted,1,0.9921031454696112,1.0,no_op,0
603,26.53274325708061,0.18846376407623205,ERROR timeout,trusted,1,0.9921346086431967,1.0,no_op,0
604,26.355241642038465,0.16157664351455386,ERROR timeout,trusted,1,0.9920599202882682,1.0,no_op,0
605,29.237961601882446,0.1635358450948379,ERROR timeout,trusted,1,0.9920545579524881,1.0,no_op,0
606,32.42294120700362,0.17837531014937738,ERROR timeout,trusted,1,0.9920842897879407,1.0,no_op,0
607,24.4825590602145,0.16822521243082814,ERROR timeout,trusted,1,0.9920856659649074,1.0,no_op,0
608,24.371504668540936,0.17237692027064752,ERROR timeout,trusted,1,0.9920977273076264,1.0,no_op,0
609,32.22548519370122,0.16106724124465438,ERROR timeout,trusted,1,0.9920363011571308,1.0,no_op,0
610,33.97651043746487,0.15920291758501331,ERROR timeout,trusted,1,0.9920244007148232,1.0,no_op,0
611,30.089402490430597,0.17104794212789484,ERROR timeout,trusted,1,0.9920724897280939,1.0,no_op,0
612,29.12918824537696,0.1510272037981718,ERROR timeout,trusted,1,0.9920196473574435,1.0,no_op,0
613,33.78881321023153,0.1633239267817485,ERROR timeout,trusted,1,0.9920367580171648,1.0,no_op,0
614,34.923932000945015,0.1966924519052381,ERROR timeout,trusted,1,0.9921261916044172,1.0,no_op,0
615,30.996869624968213,0.18199847391681062,ERROR timeout,trusted,1,0.9920998102807648,1.0,no_op,0
616,33.94361906341749,0.17864469748502687,ERROR timeout,trusted,1,0.9920793240268395,1.0,no_op,0
617,29.713975305691147,0.15856986012228677,ERROR timeout,trusted,1,0.9920387524562918,1.0,no_op,0
618,32.042240287152,0.17061933243203603,ERROR timeout,trusted,1,0.9920639231552041,1.0,no_op,0
619,37.18827424373916,0.17824351151310147,ERROR timeout,trusted,1,0.9920659726960407,1.0,no_op,0
620,32.79629357977261,0.18308114105833065,ERROR timeout,trusted,1,0.9920960869303146,1.0,no_op,0
621,36.58011526030955,0.16323379685921183,ERROR timeout,trusted,1,0.992025933407508,1.0,no_op,0
622,40.218700153728015,0.18237556891740583,ERROR timeout,trusted,1,0.9920661729978615,1.0,no_op,0
623,33.546853613194585,0.16151172692364213,ERROR timeout,trusted,1,0.9920325549761618,1.0,no_op,0
624,36.96876562781899,0.18094327674068905,ERROR timeout,trusted,1,0.9920743921523416,1.0,no_op,0
625,41.040339053322924,0.1686676738854228,ERROR timeout,trusted,1,0.9920243978859089,1.0,no_op,0
626,42.20677844293827,0.19508451833389562,ERROR timeout,trusted,1,0.9920943853542202,1.0,no_op,0
627,42.26999890342425,0.1573979251728392,ERROR timeout,trusted,1,0.9919877801363184,1.0,no_op,0
628,35.829109595651474,0.18422323933334572,ERROR timeout,trusted,1,0.9920878922043787,1.0,no_op,0
629,37.96807290699907,0.18226027866977315,ERROR timeout,trusted,1,0.9920743300302922,1.0,no_op,0
630,45.44787571702969,0.15561092658107667,ERROR timeout,trusted,1,0.9919705856493829,1.0,no_op,0
631,38.30423372294475,0.17407553945224172,ERROR timeout,trusted,1,0.9920500218806628,1.0,no_op,0
632,37.32679190803205,0.1700657045517396,ERROR timeout,trusted,1,0.9920424061106937,1.0,no_op,0
633,42.37058769708507,0.1733351641336952,ERROR timeout,trusted,1,0.9920325531424999,1.0,no_op,0
634,40.20696655354174,0.1625719505782916,ERROR timeout,trusted,1,0.9920103035191105,1.0,no_op,0
635,42.512263744764844,0.15750930743929986,ERROR timeout,trusted,1,0.9919871742029828,1.0,no_op,0
636,41.87099757690667,0.16583146809305652,ERROR timeout,trusted,1,0.9920132202877701,1.0,no_op,0
637,47.0009075004895,0.17775723695271078,ERROR timeout,trusted,1,0.9920275146604572,1.0,no_op,0
638,49.17589543943778,0.1813665398299604,ERROR timeout,trusted,1,0.9920294786164903,1.0,no_op,0
639,48.954695920586914,0.1847671260257896,ERROR timeout,trusted,1,0.9920399214334288,1.0,no_op,0
640,42.052880184808224,0.16350063385712363,ERROR timeout,trusted,1,0.9920059252336441,1.0,no_op,0
641,49.71389467849519,0.18937281875236037,ERROR timeout,trusted,1,0.9920500443455228,1.0,no_op,0
642,48.05876473074801,0.1845009244336038,ERROR timeout,trusted,1,0.9920425585874239,1.0,no_op,0
643,47.366203709562114,0.16890287028671724,ERROR timeout,trusted,1,0.9920010541873611,1.0,no_op,0
644,50.813364900115346,0.1863250862884697,ERROR timeout,trusted,1,0.9920372880976845,1.0,no_op,0
645,50.219436591356654,0.16647234119543708,ERROR timeout,trusted,1,0.9919832952719283,1.0,no_op,0
646,51.06029128066398,0.16640509580561277,ERROR timeout,trusted,1,0.9919799002594348,1.0,no_op,0
647,45.85020067368584,0.16714244209844453,ERROR timeout,trusted,1,0.9920018230272407,1.0,no_op,0
648,49.85182061585461,0.15805361999128237,ERROR timeout,trusted,1,0.9919607318618806,1.0,no_op,0
649,52.81673253691041,0.15396365593779315,ERROR timeout,trusted,1,0.9919377139980152,1.0,no_op,0
650,49.023438338621965,0.17351308985212613,ERROR timeout,trusted,1,0.9920078290977383,1.0,no_op,0
651,55.46394220826243,0.17274414954441372,ERROR timeout,trusted,1,0.991981145871548,1.0,no_op,0
652,54.62068376486538,0.1696256550831983,ERROR timeout,trusted,1,0.9919754895685428,1.0,no_op,0
653,53.492116044122746,0.1788038976021477,ERROR timeout,trusted,1,0.9920058524398189,1.0,no_op,0
654,49.148308325705116,0.15882764049623926,ERROR timeout,trusted,1,0.9919656243075846,1.0,no_op,0
655,57.046211128288014,0.17276400443164586,ERROR timeout,trusted,1,0.9919751710512129,1.0,no_op,0
656,56.066756477498814,0.16746820578985971,ERROR timeout,trusted,1,0.9919638281836816,1.0,no_op,0
657,53.65989333144691,0.18982522792956466,ERROR timeout,trusted,1,0.9920364005467762,1.0,no_op,0
658,57.09225769493682,0.1614636058469114,ERROR timeout,trusted,1,0.9919427742171917,1.0,no_op,0
659,54.34881617421504,0.1677613030981526,ERROR timeout,trusted,1,0.9919712200755092,1.0,no_op,0
660,54.58105349595725,0.16863658694588807,ERROR timeout,trusted,1,0.99197282584875,1.0,no_op,0
661,52.51081494991542,0.17257081632871976,ERROR timeout,trusted,1,0.9919918984235904,1.0,no_op,0
662,57.51452859252273,0.17889380945267946,ERROR timeout,trusted,1,0.9919908131670373,1.0,no_op,0
663,51.50550543853113,0.16972613007651047,ERROR timeout,trusted,1,0.9919876446974942,1.0,no_op,0
664,54.42902066070552,0.17097596481511237,ERROR timeout,trusted,1,0.9919800614067399,1.0,no_op,0
665,57.043866355849644,0.16888076313915093,ERROR timeout,trusted,1,0.9919641222539576,1.0,no_op,0
666,54.05134493605089,0.15731852258848134,ERROR timeout,trusted,1,0.9919425737590966,1.0,no_op,0
667,58.204695203506546,0.17831910631865866,ERROR timeout,trusted,1,0.9919865531598526,1.0,no_op,0
668,52.96359471979425,0.16849505834462875,ERROR timeout,trusted,1,0.9919785904435906,1.0,no_op,0
669,59.65130537466493,0.15855370074860314,ERROR timeout,trusted,1,0.9919246431267417,1.0,no_op,0
670,59.169625013224106,0.18335718761496625,ERROR timeout,trusted,1,0.9919971881063557,1.0,no_op,0
671,50.46760524913887,0.1537188761892786,ERROR timeout,trusted,1,0.9919460091814768,1.0,no_op,0
672,51.88033997626646,0.16003064374565149,ERROR timeout,trusted,1,0.9919586184910901,1.0,no_op,0
673,50.743292397405654,0.17372461488500368,ERROR timeout,trusted,1,0.9920018947077541,1.0,no_op,0
674,50.94819063880914,0.17449922462597975,ERROR timeout,trusted,1,0.9920033128015984,1.0,no_op,0
675,54.79740654717671,0.16717941678801693,ERROR timeout,trusted,1,0.9919678513373763,1.0,no_op,0
676,49.82756717161962,0.18066283803866287,ERROR timeout,trusted,1,0.9920250200790615,1.0,no_op,0
677,56.6783563426302,0.18242327376361445,ERROR timeout,trusted,1,0.992004008779481,1.0,no_op,0
678,56.616520081031084,0.1598999700101398,ERROR timeout,trusted,1,0.991940127819726,1.0,no_op,0
679,57.57345613544197,0.1604673118385269,ERROR timeout,trusted,1,0.9919380841852842,1.0,no_op,0
680,54.814509067838166,0.17927280290637318,ERROR timeout,trusted,1,0.9920021574142941,1.0,no_op,0
681,52.33114080479756,0.18323830311525882,ERROR timeout,trusted,1,0.9920228155620472,1.0,no_op,0
682,55.72830989483829,0.17824548288985215,ERROR timeout,trusted,1,0.9919957683880739,1.0,no_op,0
683,53.75347977256813,0.16742753468313848,ERROR timeout,trusted,1,0.9919725409808731,1.0,no_op,0
684,50.30136470407591,0.16909599094268543,ERROR timeout,trusted,1,0.9919904384115641,1.0,no_op,0
685,55.0667402211612,0.15782444434895898,ERROR timeout,trusted,1,0.9919401313320533,1.0,no_op,0
686,52.24515536700882,0.1517945710926191,ERROR timeout,trusted,1,0.9919337016920634,1.0,no_op,0
687,48.88155149533419,0.18365883701978128,ERROR timeout,trusted,1,0.9920370690908535,1.0,no_op,0
688,46.99310206486077,0.17643082445688557,ERROR timeout,trusted,1,0.9920237933359843,1.0,no_op,0
689,47.23224917625332,0.1760134805070386,ERROR timeout,trusted,1,0.9920217061659016,1.0,no_op,0
690,53.88485223201469,0.1867355250319825,ERROR timeout,trusted,1,0.992026817956327,1.0,no_op,0
691,44.79099871594331,0.1646757651292488,ERROR timeout,trusted,1,0.9919988520526437,1.0,no_op,0
692,43.97164451061131,0.16321876154724416,ERROR timeout,trusted,1,0.9919978332824901,1.0,no_op,0
693,50.00203047563965,0.17563803872197606,ERROR timeout,trusted,1,0.9920101346237908,1.0,no_op,0
694,52.34137891815604,0.17878478554344876,ERROR timeout,trusted,1,0.9920101684676774,1.0,no_op,0
695,46.41153154053451,0.1589269627458568,ERROR timeout,trusted,1,0.9919763483931869,1.0,no_op,0
696,47.04809219201349,0.17596479241174523,ERROR timeout,trusted,1,0.992022266586115,1.0,no_op,0
697,41.40787474597318,0.16893508695997164,ERROR timeout,trusted,1,0.9920237612208537,1.0,no_op,0
698,44.42344503752555,0.16263849700072533,ERROR timeout,trusted,1,0.9919944680127919,1.0,no_op,0
699,40.960338697196946,0.163682583390422,ERROR timeout,trusted,1,0.9920105899278181,1.0,no_op,0
700,45.97054364040064,0.17083722362865275,ERROR timeout,trusted,1,0.9920118387001206,1.0,no_op,0
701,46.039088186686115,0.16988206351294144,ERROR timeout,trusted,1,0.9920088722672844,1.0,no_op,0
702,41.79715142795339,0.16917444300990342,ERROR timeout,trusted,1,0.9920229627259974,1.0,no_op,0
703,46.040849090516645,0.17998981308083029,ERROR timeout,trusted,1,0.9920374576650655,1.0,no_op,0
704,43.97212677853431,0.17170135967881348,ERROR timeout,trusted,1,0.9920218661511812,1.0,no_op,0
705,44.420673625815205,0.16292421452336892,ERROR timeout,trusted,1,0.9919952896158416,1.0,no_op,0
706,42.10650823110644,0.1632322420633291,ERROR timeout,trusted,1,0.9920049606224483,1.0,no_op,0
707,38.011991934758186,0.15442037552735796,ERROR timeout,trusted,1,0.9919955280484128,1.0,no_op,0
708,41.06155299968872,0.1748928769972628,ERROR timeout,trusted,1,0.9920419051205487,1.0,no_op,0
709,40.40210098503147,0.17041975743171117,ERROR timeout,trusted,1,0.9920317688458775,1.0,no_op,0
710,41.47362980005471,0.1652942320506579,ERROR timeout,trusted,1,0.9920132068332597,1.0,no_op,0
711,42.47809858845373,0.1745563802843518,ERROR timeout,trusted,1,0.9920355959708165,1.0,no_op,0
712,33.82286659735648,0.18125444900579263,ERROR timeout,trusted,1,0.992087105485179,1.0,no_op,0
713,35.9560569244936,0.1696623957486348,ERROR timeout,trusted,1,0.9920464504301845,1.0,no_op,0
714,36.269477034822295,0.17848277172607613,ERROR timeout,trusted,1,0.9920701090683111,1.0,no_op,0
715,31.94640113129901,0.17831130513913016,ERROR timeout,trusted,1,0.9920859025849114,1.0,no_op,0
716,30.586883864053206,0.15649255054367384,ERROR timeout,trusted,1,0.9920295800350329,1.0,no_op,0
717,29.203658097613456,0.16774399574691123,ERROR timeout,trusted,1,0.9920665357637782,1.0,no_op,0
718,35.69564271049822,0.17328235077817408,ERROR timeout,trusted,1,0.9920576371104521,1.0,no_op,0
719,33.08905808935926,0.1763092895259358,ERROR timeout,trusted,1,0.992075979891361,1.0,no_op,0
720,33.12907814397528,0.16233100339977394,ERROR timeout,trusted,1,0.9920364506038802,1.0,no_op,0
721,35.12325775648459,0.18550636019492892,ERROR timeout,trusted,1,0.992094144196257,1.0,no_op,0
722,29.919120602217863,0.17150161328895133,ERROR timeout,trusted,1,0.9920744064492912,1.0,no_op,0
723,31.802799030536406,0.16943572676432783,ERROR timeout,trusted,1,0.9920614946784723,1.0,no_op,0
724,26.82634530893494,0.1903329120758613,ERROR timeout,trusted,1,0.9921387241086383,1.0,no_op,0
725,25.16557132310074,0.1644924090795219,ERROR timeout,trusted,1,0.9920726093749125,1.0,no_op,0
726,25.88821770158783,0.15919894123683445,ERROR timeout,trusted,1,0.9920549858357068,1.0,no_op,0
727,29.148497006358753,0.1708599185384314,ERROR timeout,trusted,1,0.9920755052624718,1.0,no_op,0
728,27.436283193921337,0.16583755005608558,ERROR timeout,trusted,1,0.9920678351827992,1.0,no_op,0
729,33.06747882588096,0.15838710261980485,ERROR timeout,trusted,1,0.9920255385045191,1.0,no_op,0
730,27.168334769637266,0.1614199838378399,ERROR timeout,trusted,1,0.9920564103817545,1.0,no_op,0
731,30.084156783572325,0.17669245682032092,ERROR timeout,trusted,1,0.9920883625766693,1.0,no_op,0
732,28.228452933529077,0.16663783914992888,ERROR timeout,trusted,1,0.9920671002660935,1.0,no_op,0
733,29.783113033845616,0.15926714045385618,ERROR timeout,trusted,1,0.9920404593050174,1.0,no_op,0
734,22.111211457104083,0.1636732667291291,ERROR timeout,trusted,1,0.9920818078255582,1.0,no_op,0
735,23.151526773164306,0.1929868919119158,ERROR timeout,trusted,1,0.9921598249930791,1.0,no_op,0
736,22.033413412961146,0.18617905055331163,ERROR timeout,trusted,1,0.9921450472294421,1.0,no_op,0
737,27.17453205406776,0.16950151830235316,ERROR timeout,trusted,1,0.9920791206942091,1.0,no_op,0
738,29.01394464259908,0.1655852850835835,ERROR timeout,trusted,1,0.9920611757397827,1.0,no_op,0
739,28.77680707903658,0.16416242586414387,ERROR timeout,trusted,1,0.9920580639170432,1.0,no_op,0
740,26.251801997342305,0.15819628808214606,ERROR timeout,trusted,1,0.9920507869779932,1.0,no_op,0
741,27.692429132080115,0.15412826532504406,ERROR timeout,trusted,1,0.9920338592421175,1.0,no_op,0
742,23.203947161151934,0.17368715474411925,ERROR timeout,trusted,1,0.9921057798595475,1.0,no_op,0
743,20.686756828620474,0.16744248951955526,ERROR timeout,trusted,1,0.9920977364138827,1.0,no_op,0
744,28.36639651641037,0.16375106851806245,ERROR timeout,trusted,1,0.9920584542848209,1.0,no_op,0
745,28.428822083314245,0.17198005589297174,ERROR timeout,trusted,1,0.9920813612931189,1.0,no_op,0
746,22.08288230865101,0.1676504370376954,ERROR timeout,trusted,1,0.9920930747630207,1.0,no_op,0
747,27.519603775076472,0.1712896688473909,ERROR timeout,trusted,1,0.9920828439005279,1.0,no_op,0
748,27.471532748295726,0.17151163395883443,ERROR timeout,trusted,1,0.9920836479447331,1.0,no_op,0
749,28.599975368029178,0.18558771987922726,ERROR timeout,trusted,1,0.9921188427726868,1.0,no_op,0
750,23.485250719789878,0.16753304878199873,ERROR timeout,trusted,1,0.9920874740367717,1.0,no_op,0
751,28.86497900579314,0.17018898833112311,ERROR timeout,trusted,1,0.9920746873982872,1.0,no_op,0
752,27.14513059991347,0.1878359650244644,ERROR timeout,trusted,1,0.9921305672172234,1.0,no_op,0
753,21.40231162407336,0.17346287356639606,ERROR timeout,trusted,1,0.9921119086801621,1.0,no_op,0
754,25.383833352506237,0.17459826356178182,ERROR timeout,trusted,1,0.992100150514455,1.0,no_op,0
755,29.605368607760315,0.15454670379063418,ERROR timeout,trusted,1,0.9920277975054209,1.0,no_op,0
756,29.40169423146803,0.16201599343582151,ERROR timeout,trusted,1,0.992049655765675,1.0,no_op,0
757,27.964931895414004,0.17004711282957188,ERROR timeout,trusted,1,0.992077677931577,1.0,no_op,0
758,24.454956346626975,0.15703114713551375,ERROR timeout,trusted,1,0.9920542893722906,1.0,no_op,0
759,25.692732430248064,0.1555871140480296,ERROR timeout,trusted,1,0.9920455418878102,1.0,no_op,0
760,27.760490696484176,0.14976703165719896,ERROR timeout,trusted,1,0.9920212713869704,1.0,no_op,0
761,23.56355677241249,0.1605494779758143,ERROR timeout,trusted,1,0.9920675581108355,1.0,no_op,0
762,24.92855710866465,0.1863913201875858,ERROR timeout,trusted,1,0.9921348240387232,1.0,no_op,0
763,24.98600325500804,0.15577216387824025,ERROR timeout,trusted,1,0.99204873471724,1.0,no_op,0
764,26.68283588534232,0.15568807674373702,ERROR timeout,trusted,1,0.9920420833114048,1.0,no_op,0
765,32.73241649729992,0.16291126534727107,ERROR timeout,trusted,1,0.9920395897804563,1.0,no_op,0
766,25.233234794451974,0.1746348000253141,ERROR timeout,trusted,1,0.992100818240584,1.0,no_op,0
767,34.90271293438954,0.16209429189222552,ERROR timeout,trusted,1,0.9920290667088926,1.0,no_op,0
768,30.38960682817574,0.17307997007809617,ERROR timeout,trusted,1,0.9920770702446579,1.0,no_op,0
769,34.12644458122047,0.16519680778217521,ERROR timeout,trusted,1,0.9920407682772833,1.0,no_op,0
770,35.50160816508446,0.17370830070905804,ERROR timeout,trusted,1,0.9920595689620705,1.0,no_op,0
771,34.75521107273087,0.1815969803599798,ERROR timeout,trusted,1,0.9920845602707472,1.0,no_op,0
772,31.211590309437483,0.16634775275992553,ERROR timeout,trusted,1,0.9920550290052774,1.0,no_op,0
773,28.697048542634285,0.18059680243963827,ERROR timeout,trusted,1,0.9921045163141092,1.0,no_op,0
774,32.18300392844411,0.17209384391191715,ERROR timeout,trusted,1,0.9920675413186782,1.0,no_op,0
775,29.888607189874648,0.16935615027898077,ERROR timeout,trusted,1,0.9920684889223741,1.0,no_op,0
776,31.756891955300354,0.18833733897180058,ERROR timeout,trusted,1,0.9921147028919507,1.0,no_op,0
777,38.4187402701017,0.170270002525796,ERROR timeout,trusted,1,0.9920388526206443,1.0,no_op,0
778,38.02744237490642,0.18889245249357073,ERROR timeout,trusted,1,0.992092726466,1.0,no_op,0
779,35.01456204362733,0.1560871562564616,ERROR timeout,trusted,1,0.9920116440867416,1.0,no_op,0
780,39.48902336621713,0.18283141242642392,ERROR timeout,trusted,1,0.9920702056548031,1.0,no_op,0
781,34.860945594519755,0.16058916448117427,ERROR timeout,trusted,1,0.9920249693956815,1.0,no_op,0
782,37.99726037216022,0.16822622025143094,ERROR timeout,trusted,1,0.9920346760434988,1.0,no_op,0
783,40.03348306138705,0.1596476839839642,ERROR timeout,trusted,1,0.9920026733708895,1.0,no_op,0
784,37.98992675569764,0.15002551110808143,ERROR timeout,trusted,1,0.9919831278451756,1.0,no_op,0
785,39.60434573629354,0.15542066226419354,ERROR timeout,trusted,1,0.9919923099691447,1.0,no_op,0
786,41.54538170046041,0.16815610004389087,ERROR timeout,trusted,1,0.9920210361844475,1.0,no_op,0
787,43.73704662391706,0.17635192785014703,ERROR timeout,trusted,1,0.9920359024555067,1.0,no_op,0
788,37.0017669602569,0.16896148584346748,ERROR timeout,trusted,1,0.9920405189134516,1.0,no_op,0
789,39.40790226608776,0.18123047048484384,ERROR timeout,trusted,1,0.9920660081098283,1.0,no_op,0
790,47.29479093115418,0.17035297194163282,ERROR timeout,trusted,1,0.992005437662049,1.0,no_op,0
791,47.64563132869367,0.17146681870153316,ERROR timeout,trusted,1,0.9920072623500992,1.0,no_op,0
792,41.72356597843003,0.1783325451401031,ERROR timeout,trusted,1,0.9920491055358127,1.0,no_op,0
793,42.915063092735735,0.1606389469456297,ERROR timeout,trusted,1,0.9919945297003613,1.0,no_op,0
794,47.60399234738536,0.18703392117499443,ERROR timeout,trusted,1,0.9920514212715287,1.0,no_op,0
795,46.12460271949674,0.16784123771180082,ERROR timeout,trusted,1,0.9920027620171952,1.0,no_op,0
796,43.5073596814928,0.16529216920736303,ERROR timeout,trusted,1,0.9920054787020788,1.0,no_op,0
797,45.00442236161429,0.18239921800547737,ERROR timeout,trusted,1,0.9920481756330903,1.0,no_op,0
798,50.85640237035439,0.1530640819951607,ERROR timeout,trusted,1,0.991942650570534,1.0,no_op,0
799,48.525471863409095,0.1674154505082236,ERROR timeout,trusted,1,0.9919924241014298,1.0,no_op,0
800,51.31332323678041,0.18341660877748941,ERROR timeout,trusted,1,0.9920271770761562,1.0,no_op,0
801,53.70088002083711,0.17650328662523818,ERROR timeout,trusted,1,0.9919985342572436,1.0,no_op,0
802,50.03036467773172,0.17143625152125613,ERROR timeout,trusted,1,0.9919981131001819,1.0,no_op,0
803,48.51281337202302,0.16278952231490426,ERROR timeout,trusted,1,0.991979326126673,1.0,no_op,0
804,49.810406523587055,0.1685849770451104,ERROR timeout,trusted,1,0.9919908555920446,1.0,no_op,0
805,54.87232287197623,0.17547576625317654,ERROR timeout,trusted,1,0.991991161348775,1.0,no_op,0
806,52.900615870238504,0.16229514022446373,ERROR timeout,trusted,1,0.9919611766629263,1.0,no_op,0
807,55.87354693809299,0.17233106796365855,ERROR timeout,trusted,1,0.9919784100504467,1.0,no_op,0
808,49.85697251824674,0.1666070480392425,ERROR timeout,trusted,1,0.9919850587824985,1.0,no_op,0
809,51.09815435112252,0.1816519578959398,ERROR timeout,trusted,1,0.9920230019703365,1.0,no_op,0
810,50.89305937937058,0.17074170876084216,ERROR timeout,trusted,1,0.9919928602867113,1.0,no_op,0
811,57.78129692735244,0.15464328369299687,ERROR timeout,trusted,1,0.9919206203790005,1.0,no_op,0
812,57.741682292801116,0.16276282376219006,ERROR timeout,trusted,1,0.9919439996899219,1.0,no_op,0
813,49.42838033708769,0.16769793489576573,ERROR timeout,trusted,1,0.9919897901596978,1.0,no_op,0
814,49.66813266657509,0.1682623334597245,ERROR timeout,trusted,1,0.9919904807132379,1.0,no_op,0
815,50.63130937937231,0.1611845149281949,ERROR timeout,trusted,1,0.9919666772344323,1.0,no_op,0
816,54.23913089501447,0.15595597299303754,ERROR timeout,trusted,1,0.991937960586705,1.0,no_op,0
817,52.7586037703027,0.17352205492448275,ERROR timeout,trusted,1,0.9919936565742823,1.0,no_op,0
818,58.36724263678951,0.1642576025764916,ERROR timeout,trusted,1,0.9919458748384133,1.0,no_op,0
819,58.00210018714059,0.15828500400062254,ERROR timeout,trusted,1,0.9919301998913628,1.0,no_op,0
820,53.468678508554746,0.16255726627069347,ERROR timeout,trusted,1,0.9919597538472619,1.0,no_op,0
821,54.585791457440855,0.17289132008514396,ERROR timeout,trusted,1,0.9919849095783014,1.0,no_op,0
822,55.81122415535159,0.16673169948787203,ERROR timeout,trusted,1,0.9919627051208758,1.0,no_op,0
823,52.82599654168366,0.16545946790077257,ERROR timeout,trusted,1,0.9919704763811787,1.0,no_op,0
824,55.35845984566451,0.17327385127257638,ERROR timeout,trusted,1,0.9919830537887034,1.0,no_op,0
825,55.92327934426677,0.17698960255499338,ERROR timeout,trusted,1,0.9919914610215576,1.0,no_op,0
826,53.57479367400914,0.17189765422643338,ERROR timeout,trusted,1,0.991985935837024,1.0,no_op,0
827,57.9556629394977,0.16341143799580407,ERROR timeout,trusted,1,0.9919450333428846,1.0,no_op,0
828,58.349581157604185,0.1694391706257963,ERROR timeout,trusted,1,0.9919607269570441,1.0,no_op,0
829,54.24510809647047,0.17514572591069094,ERROR timeout,trusted,1,0.9919926108836741,1.0,no_op,0
830,52.04234892914786,0.16573776315505856,ERROR timeout,trusted,1,0.9919742578263061,1.0,no_op,0
831,56.85699723085999,0.18413350830383468,ERROR timeout,trusted,1,0.992008178250787,1.0,no_op,0
832,57.161402779082735,0.16520497800227565,ERROR timeout,trusted,1,0.9919531919382494,1.0,no_op,0
833,49.67386775487843,0.1874410589379248,ERROR timeout,trusted,1,0.9920447476516863,1.0,no_op,0
834,52.71557383202366,0.15936365391035132,ERROR timeout,trusted,1,0.9919535235728383,1.0,no_op,0
835,49.978550505455765,0.17410980130256545,ERROR timeout,trusted,1,0.9920058926772245,1.0,no_op,0
836,50.540906838564446,0.17295357088135432,ERROR timeout,trusted,1,0.9920004769280073,1.0,no_op,0
837,50.05849430547157,0.18048967703429789,ERROR timeout,trusted,1,0.9920236551022001,1.0,no_op,0
838,49.07031850867768,0.17764133212811398,ERROR timeout,trusted,1,0.9920193427771721,1.0,no_op,0
839,54.90755566626386,0.1696699407514663,ERROR timeout,trusted,1,0.9919745216652028,1.0,no_op,0
840,50.968844144945805,0.15290864545881708,ERROR timeout,trusted,1,0.9919417759455869,1.0,no_op,0
841,54.402705191049,0.17785739779168291,ERROR timeout,trusted,1,0.9919997078403063,1.0,no_op,0
842,54.07027729491066,0.16145444700753828,ERROR timeout,trusted,1,0.9919543094477195,1.0,no_op,0
843,47.0528164144731,0.17709956684754188,ERROR timeout,trusted,1,0.9920254583730559,1.0,no_op,0
844,51.39439847158506,0.16849604533418844,ERROR timeout,trusted,1,0.991984572186669,1.0,no_op,0
845,48.04387229472748,0.15497725784831645,ERROR timeout,trusted,1,0.9919588682832802,1.0,no_op,0
846,47.05226992161171,0.16913732132870252,ERROR timeout,trusted,1,0.9920029122618021,1.0,no_op,0
847,45.06664598988098,0.19004036598106863,ERROR timeout,trusted,1,0.9920694597184928,1.0,no_op,0
848,45.31997899631429,0.1791696066809091,ERROR timeout,trusted,1,0.9920378693013079,1.0,no_op,0
849,43.85781456189416,0.1595786946917507,ERROR timeout,trusted,1,0.9919879308471587,1.0,no_op,0
850,47.47275456118459,0.1604374263922931,ERROR timeout,trusted,1,0.9919765998787125,1.0,no_op,0
851,51.60396355044253,0.15989897209334253,ERROR timeout,trusted,1,0.9919592990475318,1.0,no_op,0
852,44.59731645845595,0.15748729014353074,ERROR timeout,trusted,1,0.9919791687271438,1.0,no_op,0
853,50.82017927585433,0.18152009923273618,ERROR timeout,trusted,1,0.9920236826521709,1.0,no_op,0
854,44.17214634723959,0.17760476881717321,ERROR timeout,trusted,1,0.9920377938968077,1.0,no_op,0
855,41.38546881054595,0.18018609846553113,ERROR timeout,trusted,1,0.9920556066405405,1.0,no_op,0
856,41.95618283962423,0.164609605214386,ERROR timeout,trusted,1,0.9920094355012831,1.0,no_op,0
857,41.866875217874394,0.1769296502555077,ERROR timeout,trusted,1,0.9920446071895919,1.0,no_op,0
858,44.857845040978134,0.1593639201755769,ERROR timeout,trusted,1,0.9919835121238396,1.0,no_op,0
859,44.9344162575164,0.153313467042516,ERROR timeout,trusted,1,0.9919660020062924,1.0,no_op,0
860,44.2037774439134,0.15898940579059115,ERROR timeout,trusted,1,0.991984938900812,1.0,no_op,0
861,37.149751977552114,0.1637067667110568,ERROR timeout,trusted,1,0.9920251122935613,1.0,no_op,0
862,44.994023023047966,0.16551327165319524,ERROR timeout,trusted,1,0.9920004562276108,1.0,no_op,0
863,38.292568140560675,0.1632816226893195,ERROR timeout,trusted,1,0.9920195771638323,1.0,no_op,0
864,42.10227873861955,0.16797914273974526,ERROR timeout,trusted,1,0.9920184235360231,1.0,no_op,0
865,39.372595175024706,0.17132793746214475,ERROR timeout,trusted,1,0.9920382307524734,1.0,no_op,0
866,37.75130958633377,0.14913500507355826,ERROR timeout,trusted,1,0.9919815051422635,1.0,no_op,0
867,42.96591841341906,0.1630661534325823,ERROR timeout,trusted,1,0.9920012238267504,1.0,no_op,0
868,36.027873202349454,0.17752050394246996,ERROR timeout,trusted,1,0.9920683132355796,1.0,no_op,0
869,37.90719690785729,0.1912525222658257,ERROR timeout,trusted,1,0.9920997934380096,1.0,no_op,0
870,31.424151162042577,0.1680323468484839,ERROR timeout,trusted,1,0.9920589718766998,1.0,no_op,0
871,36.8090665515096,0.18004580981304794,ERROR timeout,trusted,1,0.9920724708993923,1.0,no_op,0
872,30.837671107637224,0.18656573312803412,ERROR timeout,trusted,1,0.9921131931255859,1.0,no_op,0
873,33.27971414428971,0.16034439475511292,ERROR timeout,trusted,1,0.9920302678716637,1.0,no_op,0
874,34.37321692782936,0.18634695826201264,ERROR timeout,trusted,1,0.9920993173529498,1.0,no_op,0
875,38.02612603590412,0.18046987937914843,ERROR timeout,trusted,1,0.9920690773168307,1.0,no_op,0
876,37.53387115744256,0.17086018870205058,ERROR timeout,trusted,1,0.9920438649080765,1.0,no_op,0
877,32.81389809108114,0.18774488908822867,ERROR timeout,trusted,1,0.9921090830398123,1.0,no_op,0
878,28.185522061611,0.16951515459857594,ERROR timeout,trusted,1,0.9920753525295404,1.0,no_op,0
879,33.4193607590632,0.17501849171920336,ERROR timeout,trusted,1,0.9920711072502715,1.0,no_op,0
880,32.59002923296757,0.1680501848114038,ERROR timeout,trusted,1,0.9920546212424655,1.0,no_op,0
881,35.287190540101484,0.18221107063604008,ERROR timeout,trusted,1,0.9920842829794875,1.0,no_op,0
882,34.30325670425526,0.18839652611913305,ERROR timeout,trusted,1,0.992105320536254,1.0,no_op,0
883,27.269140213439837,0.16479944141244826,ERROR timeout,trusted,1,0.9920655446887925,1.0,no_op,0
884,26.605096718466733,0.16744342852888844,ERROR timeout,trusted,1,0.9920754820711639,1.0,no_op,0
885,32.64107070176506,0.16609563118013804,ERROR timeout,trusted,1,0.9920489192155741,1.0,no_op,0
886,32.20597651775327,0.15337239637070524,ERROR timeout,trusted,1,0.992014614660168,1.0,no_op,0
887,30.08742550430579,0.17469625247607667,ERROR timeout,trusted,1,0.9920827473707874,1.0,no_op,0
888,30.649050219626794,0.16663051735222695,ERROR timeout,trusted,1,0.9920579490773678,1.0,no_op,0
889,30.08716496198442,0.18369897365551624,ERROR timeout,trusted,1,0.9921079859341176,1.0,no_op,0
890,30.905296281978377,0.1610781464858584,ERROR timeout,trusted,1,0.9920413265011077,1.0,no_op,0
891,22.37680842760858,0.1746411135719902,ERROR timeout,trusted,1,0.9921115516624358,1.0,no_op,0
892,31.050905755096615,0.16716376690744714,ERROR timeout,trusted,1,0.9920579342915206,1.0,no_op,0
893,28.16329729891836,0.17013219267199864,ERROR timeout,trusted,1,0.9920771701274722,1.0,no_op,0
894,30.85705778951971,0.1710807612404881,ERROR timeout,trusted,1,0.9920696894875092,1.0,no_op,0
895,26.619237703373013,0.17391817815911859,ERROR timeout,trusted,1,0.9920936043898547,1.0,no_op,0
896,21.14016079419104,0.17682417594106878,ERROR timeout,trusted,1,0.9921222879191682,1.0,no_op,0
897,26.86887168904319,0.17839737427854113,ERROR timeout,trusted,1,0.9921052173958211,1.0,no_op,0
898,28.60537158034185,0.1638153881496795,ERROR timeout,trusted,1,0.9920577335157748,1.0,no_op,0
899,27.47167702898879,0.1611301684376803,ERROR timeout,trusted,1,0.995588309760386,1.0,no_op,0
900,25.655605786286195,0.1718121294665629,ERROR timeout,trusted,1,0.9955858338037236,1.0,no_op,0
901,29.560426835600605,0.17634156900096948,ERROR timeout,trusted,1,0.9956378638923113,1.0,no_op,0
902,25.93507516891777,0.17244616486143402,ERROR timeout,trusted,1,0.9955901073542316,1.0,no_op,0
903,21.57758883431566,0.17089328219683755,ERROR timeout,trusted,1,0.9955374288905205,1.0,no_op,0
904,25.299361016981567,0.1574103169611459,ERROR timeout,trusted,1,0.9955570492975091,1.0,no_op,0
905,29.586165536575063,0.1864537743042265,ERROR timeout,trusted,1,0.9956552061387182,1.0,no_op,0
906,28.557068505740393,0.16665948323838287,ERROR timeout,trusted,1,0.9956100927877254,1.0,no_op,0
907,28.589603364989884,0.16143166319697874,ERROR timeout,trusted,1,0.9956015648560816,1.0,no_op,0
908,21.39725021923835,0.16657681394993784,ERROR timeout,trusted,1,0.995527876219861,1.0,no_op,0
909,27.591049022887205,0.17736798391676833,ERROR timeout,trusted,1,0.9956173234993483,1.0,no_op,0
910,23.438527439001405,0.16724608913964154,ERROR timeout,trusted,1,0.9955525836866267,1.0,no_op,0
911,24.799260826406638,0.1585692800406717,ERROR timeout,trusted,1,0.995553293783174,1.0,no_op,0
912,23.282333314204816,0.17537100343217538,ERROR timeout,trusted,1,0.9955647654263962,1.0,no_op,0
913,27.886246225153283,0.1747488133001651,ERROR timeout,trusted,1,0.9956162243700513,1.0,no_op,0
914,30.113588383118973,0.15659952059860588,ERROR timeout,trusted,1,0.9956106655720889,1.0,no_op,0
915,31.172125763256133,0.16902653697111084,ERROR timeout,trusted,1,0.9956436899818445,1.0,no_op,0
916,27.33933222719617,0.18754536403527142,ERROR timeout,trusted,1,0.9956317225766881,1.0,no_op,0
917,27.51571712746034,0.17426690716021484,ERROR timeout,trusted,1,0.995611200729041,1.0,no_op,0
918,29.732107934170223,0.16444598120402382,ERROR timeout,trusted,1,0.9956196643399777,1.0,no_op,0
919,29.25858388221853,0.190494980828274,ERROR timeout,trusted,1,0.9956583237534297,1.0,no_op,0
920,25.696108682005686,0.1678693024390164,ERROR timeout,trusted,1,0.9955795507664453,1.0,no_op,0
921,29.71895166053401,0.1697801228774434,ERROR timeout,trusted,1,0.9956285565545506,1.0,no_op,0
922,30.533029286962883,0.1841450549201042,ERROR timeout,trusted,1,0.9956619595448621,1.0,no_op,0
923,29.629990558485996,0.1657087961774527,ERROR timeout,trusted,1,0.9956206495193106,1.0,no_op,0
924,34.359843057673245,0.17311650093694606,ERROR timeout,trusted,1,0.9956863116797063,1.0,no_op,0
925,28.424487994881876,0.16530224353015646,ERROR timeout,trusted,1,0.9956062775243805,1.0,no_op,0
926,31.206510855378937,0.1704311806549059,ERROR timeout,trusted,1,0.9956464468835531,1.0,no_op,0
927,30.99148016435584,0.1913792968216444,ERROR timeout,trusted,1,0.9956792270932479,1.0,no_op,0
928,32.51059622449939,0.1655350264165657,ERROR timeout,trusted,1,0.9956528747993947,1.0,no_op,0
929,34.0566058350468,0.1838997971190535,ERROR timeout,trusted,1,0.9957009210579028,1.0,no_op,0
930,30.052491600282856,0.17154182459669895,ERROR timeout,trusted,1,0.9956353067343628,1.0,no_op,0
931,28.96073749732679,0.1652701901272608,ERROR timeout,trusted,1,0.995612314662412,1.0,no_op,0
932,38.171876870002336,0.15840786723255348,ERROR timeout,trusted,1,0.9957042441368401,1.0,no_op,0
933,37.29212058876274,0.16945884755150295,ERROR timeout,trusted,1,0.9957128463932508,1.0,no_op,0
934,36.76763753521498,0.16854285224000198,ERROR timeout,trusted,1,0.9957055008259011,1.0,no_op,0
935,39.82195758837091,0.1709467135064082,ERROR timeout,trusted,1,0.9957432727634332,1.0,no_op,0
936,35.543775084755666,0.18177077118833035,ERROR timeout,trusted,1,0.9957138987947587,1.0,no_op,0
937,34.112088889695706,0.17113910601619617,ERROR timeout,trusted,1,0.9956802379837092,1.0,no_op,0
938,33.967865230276004,0.1617733519046554,ERROR timeout,trusted,1,0.9956629196606694,1.0,no_op,0
939,35.36644224172692,0.17525624272933085,ERROR timeout,trusted,1,0.9957010968408987,1.0,no_op,0
940,36.594816174432516,0.17357846333662671,ERROR timeout,trusted,1,0.9957119527233164,1.0,no_op,0
941,35.256761310549976,0.17140645908433808,ERROR timeout,trusted,1,0.9956934591529237,1.0,no_op,0
942,37.71728122852569,0.17636393867982686,ERROR timeout,trusted,1,0.9957289998674037,1.0,no_op,0
943,42.54838240498427,0.1645541097213028,ERROR timeout,trusted,1,0.9957627174303237,1.0,no_op,0
944,38.245911159856355,0.15637472968580968,ERROR timeout,trusted,1,0.9957016830221572,1.0,no_op,0
945,43.94179820384754,0.1606945744033969,ERROR timeout,trusted,1,0.9957716506943711,1.0,no_op,0
946,40.366762184907536,0.1977521877476857,ERROR timeout,trusted,1,0.9957931822279803,1.0,no_op,0
947,43.80857350770765,0.15922128415182307,ERROR timeout,trusted,1,0.9957677779231061,1.0,no_op,0
948,41.12269867239728,0.16826672237564685,ERROR timeout,trusted,1,0.9957531691048241,1.0,no_op,0
949,39.24338179733896,0.17352051444598374,ERROR timeout,trusted,1,0.9957411436646733,1.0,no_op,0
950,44.01579319580583,0.16277204098779294,ERROR timeout,trusted,1,0.9957758612266419,1.0,no_op,0
951,49.0203468076225,0.17194385769626058,ERROR timeout,trusted,1,0.9958450034604851,1.0,no_op,0
952,48.73745677365751,0.1547451896163184,ERROR timeout,trusted,1,0.9958141625827839,1.0,no_op,0
953,48.87616158675456,0.15887067399690508,ERROR timeout,trusted,1,0.9958223471631089,1.0,no_op,0
954,44.15493388806165,0.16323002114753787,ERROR timeout,trusted,1,0.9957781309667346,1.0,no_op,0
955,51.08771536477934,0.17238888037344166,ERROR timeout,trusted,1,0.9958678861389422,1.0,no_op,0
956,43.386296183166564,0.16305690398720687,ERROR timeout,trusted,1,0.9957694417403222,1.0,no_op,0
957,48.657035715237825,0.17507300408415435,ERROR timeout,trusted,1,0.9958461339914244,1.0,no_op,0
958,49.56539816362458,0.16378550791084906,ERROR timeout,trusted,1,0.9958377247873313,1.0,no_op,0
959,51.373365685342705,0.16216676844848815,ERROR timeout,trusted,1,0.9958545544830392,1.0,no_op,0
960,44.72382768215685,0.1589453703617994,ERROR timeout,trusted,1,0.9957773381393357,1.0,no_op,0
961,50.28891172971593,0.16622631095881454,ERROR timeout,trusted,1,0.9958494374174965,1.0,no_op,0
962,51.19399562100206,0.16292092466252547,ERROR timeout,trusted,1,0.9958538413992023,1.0,no_op,0
963,55.17194992061777,0.16802890544523344,ERROR timeout,trusted,1,0.9959044190245245,1.0,no_op,0
964,51.89640872768973,0.1644029067574411,ERROR timeout,trusted,1,0.9958637468409343,1.0,no_op,0
965,52.01105432204354,0.1737796893323497,ERROR timeout,trusted,1,0.9958799688060958,1.0,no_op,0
966,50.75562639359278,0.17329852074956967,ERROR timeout,trusted,1,0.995865790693431,1.0,no_op,0
967,53.958581286010016,0.16017662907646082,ERROR timeout,trusted,1,0.9958790197681813,1.0,no_op,0
968,54.38057063925167,0.1708793980903177,ERROR timeout,trusted,1,0.9959005523788877,1.0,no_op,0
969,48.28583157827041,0.15543757277412892,ERROR timeout,trusted,1,0.9958103917291817,1.0,no_op,0
970,55.19176618541294,0.17534589949224919,ERROR timeout,trusted,1,0.995916222942614,1.0,no_op,0
971,57.42771690142157,0.15903127801040062,ERROR timeout,trusted,1,0.995914039624652,1.0,no_op,0
972,57.8475833173286,0.16856190733512594,ERROR timeout,trusted,1,0.9959335212566619,1.0,no_op,0
973,58.39454754361245,0.1580951040867037,ERROR timeout,trusted,1,0.995922772020533,1.0,no_op,0
974,56.018300307967245,0.167080402384571,ERROR timeout,trusted,1,0.9959118778788156,1.0,no_op,0
975,54.17083900689542,0.17175341323979262,ERROR timeout,trusted,1,0.9958997154104787,1.0,no_op,0
976,54.933473354425246,0.17217301453768297,ERROR timeout,trusted,1,0.995908465353333,1.0,no_op,0
977,58.202164254288576,0.17444069274154878,ERROR timeout,trusted,1,0.9959464949610863,1.0,no_op,0
978,58.7134925205379,0.17001323819869074,ERROR timeout,trusted,1,0.9959449051828558,1.0,no_op,0
979,58.92165989672441,0.17587237238718562,ERROR timeout,trusted,1,0.9959562799124856,1.0,no_op,0
980,49.991793073558796,0.17113216787741312,ERROR timeout,trusted,1,0.9958541322632325,1.0,no_op,0
981,59.058236141634914,0.18599886931388634,ERROR timeout,trusted,1,0.9959735389002693,1.0,no_op,0
982,56.746101803029966,0.1660321412660244,ERROR timeout,trusted,1,0.9959179132521145,1.0,no_op,0
983,50.61058804215052,0.16935111287335844,ERROR timeout,trusted,1,0.9958579087594798,1.0,no_op,0
984,56.59768336560385,0.1786475019076624,ERROR timeout,trusted,1,0.9959362568997226,1.0,no_op,0
985,50.35779103620453,0.1604500079339866,ERROR timeout,trusted,1,0.9958408799095966,1.0,no_op,0
986,51.731544654123255,0.16865070393693385,ERROR timeout,trusted,1,0.9958687862598046,1.0,no_op,0
987,52.04606046497577,0.17977229039123566,ERROR timeout,trusted,1,0.9958898959193185,1.0,no_op,0
988,54.229494160009345,0.17150818340608454,ERROR timeout,trusted,1,0.9958999482360057,1.0,no_op,0
989,55.389322751753184,0.16554464145120157,ERROR timeout,trusted,1,0.9959027805900741,1.0,no_op,0
990,57.852637704225984,0.18391700025427632,ERROR timeout,trusted,1,0.9959576961453054,1.0,no_op,0
991,50.610994742343244,0.182237585413924,ERROR timeout,trusted,1,0.9958785417137588,1.0,no_op,0
992,54.11948595611151,0.17864167727561772,ERROR timeout,trusted,1,0.9959101003912146,1.0,no_op,0
993,54.90397575662212,0.17140396042569306,ERROR timeout,trusted,1,0.9959069335606816,1.0,no_op,0
994,53.701611299740954,0.17791132775085902,ERROR timeout,trusted,1,0.9959045161854957,1.0,no_op,0
995,50.65972249736371,0.17079081167378307,ERROR timeout,trusted,1,0.995860744872279,1.0,no_op,0
996,57.1275568962688,0.15333306204735783,ERROR timeout,trusted,1,0.9959018264645302,1.0,no_op,0
997,54.23286893971208,0.15691014474939607,ERROR timeout,trusted,1,0.9958767289742896,1.0,no_op,0
998,50.48099943037399,0.176066098215522,ERROR timeout,trusted,1,0.9958672851574136,1.0,no_op,0
999,48.80361333609213,0.1779434058676338,ERROR timeout,trusted,1,0.995852324435476,1.0,no_op,0
